leafID,leafID2,species,ind,leaf,trt,spore_assay,total area,perc_lesion
1,1S,ACMA,1,1,T,S,13778,
1,1C,ACMA,1,1,T,C,8669,54.756
2,2S,ACMA,2,1,T,S,14955,94.461
2,2C,ACMA,2,1,T,C,13535,85.491
3,3S,ACMA,3,1,T,S,13478,85.131
3,3C,ACMA,3,1,T,C,9167,61.731
4,4S,ACMA,4,1,T,S,8615,51.76
4,4C,ACMA,4,1,T,C,7693,46.221
5,5S,ACMA,5,1,T,S,6302,48.989
5,5C,ACMA,5,1,T,C,9181,67.054
6,6S,ACMA,6,1,T,S,13470,100
6,6C,ACMA,6,1,T,C,13470,100
7,7S,ACMA,7,1,T,S,12998,94.931
7,7C,ACMA,7,1,T,C,12717,92.879
8,8S,ACMA,8,1,T,S,13510,98.671
8,8C,ACMA,8,1,T,C,9272,65.722
9,9S,ACMA,9,1,T,S,7702,51.47
9,9C,ACMA,9,1,T,C,7415,49.552
10,10S,ACMA,10,1,T,S,12129,81.055
10,10C,ACMA,10,1,T,C,13483,
11,11S,ACMA,11,1,T,S,11217,73.046
11,11C,ACMA,11,1,T,C,7699,50.745
12,12S,ACMA,12,1,T,S,10961,73.249
12,12C,ACMA,12,1,T,C,10805,70.363
13,13S,ACMA,13,1,T,S,12317,82.932
13,13C,ACMA,13,1,T,C,9352,62.968
14,14S,ACMA,14,1,T,S,14342,96.566
14,14C,ACMA,14,1,T,C,12836,86.426
15,15S,ACMA,15,1,T,S,10958,74.362
15,15C,ACMA,15,1,T,C,7450,50.556
16,16S,ACMA,16,1,T,S,10018,67.983
16,16C,ACMA,16,1,T,C,9499,64.461
17,17S,ACMA,17,1,T,S,9600,58.925
17,17C,ACMA,17,1,T,C,12157,74.619
18,18S,ACMA,18,1,T,S,15100,100
18,18C,ACMA,18,1,T,C,14619,89.731
19,19S,ACMA,19,1,T,S,14482,99.986
19,19C,ACMA,19,1,T,C,14482,99.986
20,20S,ACMA,20,1,T,S,11888,72.968
20,20C,ACMA,20,1,T,C,10715,65.768
21,21S,ACMA,21,1,T,S,11894,79.484
21,21C,ACMA,21,1,T,C,11392,76.129
22,22S,ACMA,22,1,T,S,9057,61.462
22,22C,ACMA,22,1,T,C,12187,82.702
23,23S,ACMA,23,1,T,S,11283,76.568
23,23C,ACMA,23,1,T,C,10177,69.062
24,24S,ACMA,24,1,T,S,14082,95.562
24,24C,ACMA,24,1,T,C,14964,100
25,25S,ACMA,25,1,T,S,16524,100
25,25C,ACMA,25,1,T,C,13644,82.571
26,26S,ACMA,26,1,T,S,16425,99.401
26,26C,ACMA,26,1,T,C,15964,96.611
27,27S,ACMA,27,1,T,S,13805,84.735
27,27C,ACMA,27,1,T,C,11654,71.532
28,28S,ACMA,28,1,T,S,16524,100
28,28C,ACMA,28,1,T,C,16524,100
29,29S,ACMA,29,1,T,S,13202,92.193
29,29C,ACMA,29,1,T,C,10563,69.622
30,30S,ACMA,30,1,T,S,13349,87.984
30,30C,ACMA,30,1,T,C,14877,98.056
31,31S,ACMA,31,1,T,S,15106,99.565
31,31C,ACMA,31,1,T,C,15086,99.433
32,32S,ACMA,32,1,T,S,15166,99.96
32,32C,ACMA,32,1,T,C,15172,100
33,33S,ACMA,1,1,C,S,1557,
33,33C,ACMA,1,1,C,C,0,
34,34S,ACMA,2,1,C,S,515,
34,34C,ACMA,2,1,C,C,0,
35,35S,ACMA,9,1,C,S,0,
35,35C,ACMA,9,1,C,C,0,
36,36S,ACMA,10,1,C,S,0,
36,36C,ACMA,10,1,C,C,0,
37,37S,ACMA,17,1,C,S,40,0.236
37,37C,ACMA,17,1,C,C,7,0.043
38,38S,ACMA,18,1,C,S,94,0.593
38,38C,ACMA,18,1,C,C,113,0.744
39,39S,ACMA,25,1,C,S,148,0.975
39,39C,ACMA,25,1,C,C,455,2.997
40,40S,ACMA,26,1,C,S,103,0.678
40,40C,ACMA,26,1,C,C,6,0.04
41,41S,ACMA,29,1,C,S,0,
41,41C,ACMA,29,1,C,C,0,
42,42S,ACMA,30,1,C,S,0,
42,42C,ACMA,30,1,C,C,0,
43,43S,ARME,1,1,T,S,11052,67.837
43,43C,ARME,1,1,T,C,15691,96.311
44,44S,ARME,2,1,T,S,13282,85.712
44,44C,ARME,2,1,T,C,9982,64.417
45,45S,ARME,3,1,T,S,14768,95.302
45,45C,ARME,3,1,T,C,15479,99.89
46,46S,ARME,4,1,T,S,11624,75.013
46,46C,ARME,4,1,T,C,9186,59.28
47,47S,ARME,5,1,T,S,12922,99.63
47,47C,ARME,5,1,T,C,12949,99.838
48,48S,ARME,6,1,T,S,8882,58.899
48,48C,ARME,6,1,T,C,8997,59.662
49,49S,ARME,7,1,T,S,14307,94.874
49,49C,ARME,7,1,T,C,15080,100
50,50S,ARME,8,1,T,S,14997,99.45
50,50C,ARME,8,1,T,C,14964,92.542
51,51S,ARME,9,1,T,S,14732,98.502
51,51C,ARME,9,1,T,C,8372,55.978
52,52S,ARME,10,1,T,S,,100
52,52C,ARME,10,1,T,C,,100
53,53S,ARME,11,1,T,S,,100
53,53C,ARME,11,1,T,C,,100
54,54S,ARME,12,1,T,S,,100
54,54C,ARME,12,1,T,C,,100
55,55S,ARME,13,1,T,S,,100
55,55C,ARME,13,1,T,C,,100
56,56S,ARME,14,1,T,S,14732,98.502
56,56C,ARME,14,1,T,C,14818,97.667
57,57S,ARME,15,1,T,S,,100
57,57C,ARME,15,1,T,C,,100
58,58S,ARME,16,1,T,S,,100
58,58C,ARME,16,1,T,C,,100
59,59S,ARME,17,1,T,S,,100
59,59C,ARME,17,1,T,C,,100
60,60S,ARME,18,1,T,S,,100
60,60C,ARME,18,1,T,C,,100
61,61S,ARME,19,1,T,S,,100
61,61C,ARME,19,1,T,C,,100
62,62S,ARME,20,1,T,S,,100
62,62C,ARME,20,1,T,C,,100
63,63S,ARME,21,1,T,S,,100
63,63C,ARME,21,1,T,C,,100
64,64S,ARME,22,1,T,S,12226,84.108
64,64C,ARME,22,1,T,C,13400,92.185
65,65S,ARME,23,1,T,S,12730,87.576
65,65C,ARME,23,1,T,C,,100
66,66S,ARME,24,1,T,S,,100
66,66C,ARME,24,1,T,C,,100
67,67S,ARME,25,1,T,S,,100
67,67C,ARME,25,1,T,C,,100
68,68S,ARME,26,1,T,S,13362,99.895
68,68C,ARME,26,1,T,C,12685,94.834
69,69S,ARME,27,1,T,S,,100
69,69C,ARME,27,1,T,C,12465,93.189
70,70S,ARME,28,1,T,S,,100
70,70C,ARME,28,1,T,C,13080,97.787
71,71S,ARME,29,1,T,S,,NA
71,71C,ARME,29,1,T,C,14880,97.998
72,72S,ARME,30,1,T,S,11297,74.401
72,72C,ARME,30,1,T,C,11219,73.887
73,73S,ARME,31,1,T,S,,100
73,73C,ARME,31,1,T,C,,100
74,74S,ARME,32,1,T,S,,100
74,74C,ARME,32,1,T,C,,100
75,75S,ARME,1,1,C,S,0,
75,75C,ARME,1,1,C,C,0,
76,76S,ARME,2,1,C,S,0,
76,76C,ARME,2,1,C,C,0,
77,77S,ARME,9,1,C,S,0,
77,77C,ARME,9,1,C,C,0,
78,78S,ARME,10,1,C,S,0,
78,78C,ARME,10,1,C,C,0,
79,79S,ARME,17,1,C,S,0,
79,79C,ARME,17,1,C,C,0,
80,80S,ARME,18,1,C,S,0,
80,80C,ARME,18,1,C,C,0,
81,81S,ARME,25,1,C,S,0,
81,81C,ARME,25,1,C,C,0,
82,82S,ARME,26,1,C,S,0,
82,82C,ARME,26,1,C,C,0,
83,83S,ARME,29,1,C,S,0,
83,83C,ARME,29,1,C,C,0,
84,84S,ARME,30,1,C,S,0,
84,84C,ARME,30,1,C,C,0,
85,85S,CEOL,1,1,T,S,,0
85,85C,CEOL,1,2,T,C,4860,
86,86S,CEOL,2,1,T,S,,100
86,86C,CEOL,2,1,T,C,13613,
87,87S,CEOL,3,1,T,S,4517,
87,87C,CEOL,3,1,T,C,4325,
88,88S,CEOL,4,1,T,S,11731,
88,88C,CEOL,4,1,T,C,14217,
89,89S,CEOL,5,1,T,S,,100
89,89C,CEOL,5,1,T,C,12478,
90,90S,CEOL,6,1,T,S,,100
90,90C,CEOL,6,1,T,C,,100
91,91S,CEOL,7,1,T,S,7949,
91,91C,CEOL,7,1,T,C,4710,
92,92S,CEOL,8,1,T,S,,100
92,92C,CEOL,8,1,T,C,5028,
93,93S,CEOL,9,1,T,S,5401,
93,93C,CEOL,9,1,T,C,13619,
94,94S,CEOL,10,1,T,S,,100
94,94C,CEOL,10,2,T,C,,100
95,95S,CEOL,11,1,T,S,,100
95,95C,CEOL,11,1,T,C,,100
96,96S,CEOL,12,1,T,S,13181,
96,96C,CEOL,12,1,T,C,11946,
97,97S,CEOL,13,1,T,S,,100
97,97C,CEOL,13,1,T,C,,0
98,98S,CEOL,14,1,T,S,5197,
98,98C,CEOL,14,1,T,C,10957,
99,99S,CEOL,15,1,T,S,7378,
99,99C,CEOL,15,1,T,C,,100
100,100S,CEOL,16,1,T,S,4775,
100,100C,CEOL,16,1,T,C,2179,
101,101S,CEOL,17,1,T,S,,100
101,101C,CEOL,17,1,T,C,,100
102,102S,CEOL,18,1,T,S,,100
102,102C,CEOL,18,1,T,C,13448,
103,103S,CEOL,19,1,T,S,12775,
103,103C,CEOL,19,1,T,C,3503,
104,104S,CEOL,20,1,T,S,,100
104,104C,CEOL,20,1,T,C,,100
105,105S,CEOL,21,1,T,S,,100
105,105C,CEOL,21,1,T,C,,100
106,106S,CEOL,22,1,T,S,10932,
106,106C,CEOL,22,1,T,C,3268,
107,107S,CEOL,23,1,T,S,,100
107,107C,CEOL,23,1,T,C,,100
108,108S,CEOL,24,1,T,S,12328,
108,108C,CEOL,24,1,T,C,,100
109,109S,CEOL,25,1,T,S,,100
109,109C,CEOL,25,1,T,C,,100
110,110S,CEOL,26,1,T,S,,100
110,110C,CEOL,26,1,T,C,,100
111,111S,CEOL,27,1,T,S,9442,
111,111C,CEOL,27,1,T,C,9460,
112,112S,CEOL,28,1,T,S,,100
112,112C,CEOL,28,1,T,C,,100
113,113S,CEOL,29,1,T,S,,100
113,113C,CEOL,29,1,T,C,,100
114,114S,CEOL,30,1,T,S,,100
114,114C,CEOL,30,1,T,C,,100
115,115S,CEOL,31,1,T,S,,100
115,115C,CEOL,31,1,T,C,,100
116,116S,CEOL,32,1,T,S,8512,
116,116C,CEOL,32,1,T,C,13638,
117,117S,CEOL,1,3,C,S,0,
117,117C,CEOL,1,4,C,C,0,
118,118S,CEOL,2,1,C,S,0,
118,118C,CEOL,2,1,C,C,0,
119,119S,CEOL,9,1,C,S,0,
119,119C,CEOL,9,1,C,C,0,
120,120S,CEOL,10,1,C,S,0,
120,120C,CEOL,10,2,C,C,0,
121,121S,CEOL,17,1,C,S,0,
121,121C,CEOL,17,1,C,C,0,
122,122S,CEOL,18,1,C,S,0,
122,122C,CEOL,18,1,C,C,0,
123,123S,CEOL,25,1,C,S,0,
123,123C,CEOL,25,1,C,C,0,
124,124S,CEOL,26,1,C,S,0,
124,124C,CEOL,26,1,C,C,0,
125,125S,CEOL,29,1,C,S,0,
125,125C,CEOL,29,1,C,C,0,
126,126S,CEOL,30,1,C,S,0,
126,126C,CEOL,30,1,C,C,0,
127,127S,HEAR,1,1,T,S,5079,34.007
127,127C,HEAR,1,1,T,C,5100,32.199
128,128S,HEAR,2,1,T,S,13116,86.38
128,128C,HEAR,2,1,T,C,7035,46.332
129,129S,HEAR,3,1,T,S,7558,49.116
129,129C,HEAR,3,1,T,C,4941,32.109
130,130S,HEAR,4,1,T,S,,0
130,130C,HEAR,4,1,T,C,8029,52.92
131,131S,HEAR,5,1,T,S,3257,21.01
131,131C,HEAR,5,1,T,C,0,0
132,132S,HEAR,6,1,T,S,1627,12.106
132,132C,HEAR,6,1,T,C,7457,52.492
133,133S,HEAR,7,1,T,S,9616,68.262
133,133C,HEAR,7,1,T,C,5315,38.526
134,134S,HEAR,8,1,T,S,6534,45.995
134,134C,HEAR,8,1,T,C,8824,62.115
135,135S,HEAR,9,1,T,S,2863,19.575
135,135C,HEAR,9,2,T,C,5707,39.02
136,136S,HEAR,10,1,T,S,13283,83.289
136,136C,HEAR,10,1,T,C,8477,53.154
137,137S,HEAR,11,1,T,S,8047,49.814
137,137C,HEAR,11,1,T,C,5956,39.802
138,138S,HEAR,12,1,T,S,,0
138,138C,HEAR,12,1,T,C,3634,26.172
139,139S,HEAR,13,1,T,S,5566,36.379
139,139C,HEAR,13,1,T,C,0,0
140,140S,HEAR,14,1,T,S,4586,29.974
140,140C,HEAR,14,1,T,C,4230,27.647
141,141S,HEAR,15,1,T,S,1741,11.379
141,141C,HEAR,15,1,T,C,0,0
142,142S,HEAR,16,1,T,S,2581,16.869
142,142C,HEAR,16,1,T,C,4235,27.68
143,143S,HEAR,17,1,T,S,6491,44.976
143,143C,HEAR,17,1,T,C,2237,15.5
144,144S,HEAR,18,1,T,S,2908,23.145
144,144C,HEAR,18,1,T,C,5089,37.485
145,145S,HEAR,19,1,T,S,1,5
145,145C,HEAR,19,1,T,C,1,0
146,146S,HEAR,20,1,T,S,5368,35.63
146,146C,HEAR,20,1,T,C,3879,25.747
147,147S,HEAR,21,1,T,S,6616,44.546
147,147C,HEAR,21,1,T,C,5756,38.756
148,148S,HEAR,22,1,T,S,4383,29.511
148,148C,HEAR,22,1,T,C,3475,23.398
149,149S,HEAR,23,1,T,S,5510,37.099
149,149C,HEAR,23,1,T,C,4106,27.646
150,150S,HEAR,24,1,T,S,1,0
150,150C,HEAR,24,1,T,C,3409,23.987
151,151S,HEAR,25,1,T,S,3030,20.618
151,151C,HEAR,25,1,T,C,456,2.963
152,152S,HEAR,26,1,T,S,4651,30.225
152,152C,HEAR,26,1,T,C,2974,19.327
153,153S,HEAR,27,1,T,S,3525,20.523
153,153C,HEAR,27,1,T,C,3631,22.298
154,154S,HEAR,28,1,T,S,5363,31.636
154,154C,HEAR,28,1,T,C,4934,29.106
155,155S,HEAR,29,1,T,S,5750,41.367
155,155C,HEAR,29,1,T,C,4636,33.353
156,156S,HEAR,30,1,T,S,4259,30.64
156,156C,HEAR,30,1,T,C,3193,22.971
157,157S,HEAR,31,1,T,S,5930,42.662
157,157C,HEAR,31,1,T,C,6022,43.324
158,158S,HEAR,32,1,T,S,11749,84.525
158,158C,HEAR,32,1,T,C,8589,61.791
159,159S,HEAR,1,1,C,S,0,
159,159C,HEAR,1,1,C,C,0,
160,160S,HEAR,2,1,C,S,0,
160,160C,HEAR,2,1,C,C,0,
161,161S,HEAR,9,1,C,S,17,0.096
161,161C,HEAR,9,2,C,C,0,
162,162S,HEAR,10,1,C,S,0,
162,162C,HEAR,10,1,C,C,0,
163,163S,HEAR,17,1,C,S,0,
163,163C,HEAR,17,1,C,C,0,
164,164S,HEAR,18,1,C,S,0,
164,164C,HEAR,18,1,C,C,0,
165,165S,HEAR,25,1,C,S,0,
165,165C,HEAR,25,1,C,C,0,
166,166S,HEAR,26,1,C,S,70,0.441
166,166C,HEAR,26,1,C,C,0,
167,167S,HEAR,29,1,C,S,0,
167,167C,HEAR,29,1,C,C,0,
168,168S,HEAR,30,1,C,S,0,
168,168C,HEAR,30,1,C,C,0,
169,169S,LIDE,1,1,T,S,2271,13.551
169,169C,LIDE,1,1,T,C,2141,12.371
170,170S,LIDE,2,1,T,S,833,4.813
170,170C,LIDE,2,1,T,C,1065,6.154
171,171S,LIDE,3,1,T,S,1738,10.043
171,171C,LIDE,3,1,T,C,475,2.745
172,172S,LIDE,4,1,T,S,140,0.809
172,172C,LIDE,4,1,T,C,50,0.289
173,173S,LIDE,5,1,T,S,402,2.452
173,173C,LIDE,5,1,T,C,1446,8.82
174,174S,LIDE,6,1,T,S,119,0.726
174,174C,LIDE,6,1,T,C,547,3.337
175,175S,LIDE,7,1,T,S,2327,14.194
175,175C,LIDE,7,1,T,C,1826,11.138
176,176S,LIDE,8,1,T,S,1435,8.753
176,176C,LIDE,8,1,T,C,349,2.129
177,177S,LIDE,9,1,T,S,263,1.594
177,177C,LIDE,9,1,T,C,656,3.975
178,178S,LIDE,10,1,T,S,2130,12.906
178,178C,LIDE,10,1,T,C,2044,12.385
179,179S,LIDE,11,1,T,S,668,4.048
179,179C,LIDE,11,1,T,C,64,0.388
180,180S,LIDE,12,1,T,S,1863,11.288
180,180C,LIDE,12,1,T,C,656,3.975
181,181S,LIDE,13,1,T,S,1595,10.214
181,181C,LIDE,13,1,T,C,1344,8.607
182,182S,LIDE,14,1,T,S,1592,10.195
182,182C,LIDE,14,1,T,C,1515,9.702
183,183S,LIDE,15,1,T,S,392,0
183,183C,LIDE,15,1,T,C,1531,9.804
184,184S,LIDE,16,1,T,S,2430,15.561
184,184C,LIDE,16,1,T,C,2230,14.28
185,185S,LIDE,17,1,T,S,1651,9.157
185,185C,LIDE,17,1,T,C,2595,13.759
186,186S,LIDE,18,1,T,S,1607,8.913
186,186C,LIDE,18,1,T,C,1668,9.251
187,187S,LIDE,19,1,T,S,1350,7.488
187,187C,LIDE,19,1,T,C,666,3.694
188,188S,LIDE,20,1,T,S,1462,9.22
188,188C,LIDE,20,1,T,C,1494,8.856
189,189S,LIDE,21,1,T,S,1616,9.792
189,189C,LIDE,21,1,T,C,266,1.612
190,190S,LIDE,22,1,T,S,1762,10.676
190,190C,LIDE,22,1,T,C,1361,8.246
191,191S,LIDE,23,1,T,S,1249,7.568
191,191C,LIDE,23,1,T,C,458,2.775
192,192S,LIDE,24,1,T,S,978,5.926
192,192C,LIDE,24,1,T,C,1375,8.331
193,193S,LIDE,25,1,T,S,1860,11.181
193,193C,LIDE,25,1,T,C,1735,10.429
194,194S,LIDE,26,1,T,S,1596,9.594
194,194C,LIDE,26,1,T,C,1822,10.952
195,195S,LIDE,27,1,T,S,0,0
195,195C,LIDE,27,1,T,C,1613,9.696
196,196S,LIDE,28,1,T,S,1707,10.261
196,196C,LIDE,28,1,T,C,0,0
197,197S,LIDE,29,1,T,S,418,2.548
197,197C,LIDE,29,1,T,C,404,2.463
198,198S,LIDE,30,1,T,S,1995,12.162
198,198C,LIDE,30,1,T,C,2181,13.296
199,199S,LIDE,31,1,T,S,315,1.92
199,199C,LIDE,31,1,T,C,253,1.542
200,200S,LIDE,32,1,T,S,1993,12.149
200,200C,LIDE,32,1,T,C,1705,10.394
201,201S,LIDE,1,1,C,S,19,0.115
201,201C,LIDE,1,1,C,C,23,0.139
202,202S,LIDE,2,1,C,S,284,1.721
202,202C,LIDE,2,1,C,C,22,0.124
203,203S,LIDE,3,1,C,S,259,1.464
203,203C,LIDE,3,1,C,C,39,0.22
204,204S,LIDE,4,1,C,S,393,2.221
204,204C,LIDE,4,1,C,C,7,0.04
205,205S,LIDE,5,1,C,S,231,1.448
205,205C,LIDE,5,1,C,C,63,0.395
206,206S,LIDE,6,1,C,S,20,0.125
206,206C,LIDE,6,1,C,C,79,0.495
207,207S,LIDE,7,1,C,S,78,0.489
207,207C,LIDE,7,1,C,C,18,0.113
208,208S,LIDE,8,1,C,S,47,0.312
208,208C,LIDE,8,1,C,C,18,0.119
209,209S,LIDE,9,1,C,S,0,
209,209C,LIDE,9,1,C,C,0,
210,210S,LIDE,10,1,C,S,0,
210,210C,LIDE,10,1,C,C,0,
211,211S,LIDE,11,1,C,S,0,
211,211C,LIDE,11,1,C,C,0,
212,212S,LIDE,12,1,C,S,0,
212,212C,LIDE,12,1,C,C,0,
213,213S,LIDE,13,1,C,S,0,
213,213C,LIDE,13,1,C,C,0,
214,214S,LIDE,14,1,C,S,0,
214,214C,LIDE,14,1,C,C,0,
215,215S,LIDE,15,1,C,S,0,
215,215C,LIDE,15,1,C,C,0,
216,216S,LIDE,16,1,C,S,0,
216,216C,LIDE,16,1,C,C,0,
217,217S,LIDE,17,1,C,S,17,0.104
217,217C,LIDE,17,1,C,C,73,0.448
218,218S,LIDE,18,1,C,S,17,0.104
218,218C,LIDE,18,1,C,C,10,0.061
219,219S,LIDE,19,1,C,S,26,0.16
219,219C,LIDE,19,1,C,C,50,0.307
220,220S,LIDE,20,1,C,S,3,0.018
220,220C,LIDE,20,1,C,C,3,0.018
221,221S,LIDE,21,1,C,S,0,
221,221C,LIDE,21,1,C,C,0,
222,222S,LIDE,22,1,C,S,0,
222,222C,LIDE,22,1,C,C,0,
223,223S,LIDE,23,1,C,S,0,
223,223C,LIDE,23,1,C,C,0,
224,224S,LIDE,24,1,C,S,0,
224,224C,LIDE,24,1,C,C,0,
225,225S,LIDE,25,1,C,S,0,
225,225C,LIDE,25,1,C,C,0,
226,226S,LIDE,26,1,C,S,1103,
226,226C,LIDE,26,1,C,C,0,
227,227S,LIDE,27,1,C,S,0,
227,227C,LIDE,27,1,C,C,0,
228,228S,LIDE,28,1,C,S,0,
228,228C,LIDE,28,1,C,C,0,
229,229S,LIDE,29,1,C,S,0,
229,229C,LIDE,29,1,C,C,0,
230,230S,LIDE,30,1,C,S,0,
230,230C,LIDE,30,1,C,C,0,
231,231S,LIDE,31,1,C,S,0,
231,231C,LIDE,31,1,C,C,0,
232,232S,LIDE,32,1,C,S,0,
232,232C,LIDE,32,1,C,C,0,
233,233S,QUAG,1,1,T,S,3127,
234,234S,QUAG,2,1,T,S,2361,
235,235S,QUAG,3,1,T,S,1768,
236,236S,QUAG,4,1,T,S,2672,
237,237S,QUAG,5,1,T,S,1362,8.13
238,238S,QUAG,6,1,T,S,6380,36.119
239,239S,QUAG,7,1,T,S,4241,24.009
240,240S,QUAG,8,1,T,S,2052,11.617
241,241S,QUAG,9,1,T,S,2005,12.328
242,242S,QUAG,10,1,T,S,4452,27.373
243,243S,QUAG,11,1,T,S,1822,8.423
244,244S,QUAG,12,1,T,S,5136,26.366
245,245S,QUAG,13,1,T,S,2071,10.641
246,246S,QUAG,14,1,T,S,1345,6.911
247,247S,QUAG,15,1,T,S,2154,11.068
248,248S,QUAG,16,1,T,S,2490,12.794
249,249S,QUAG,17,1,T,S,5152,
250,250S,QUAG,18,1,T,S,5053,
251,251S,QUAG,19,1,T,S,3017,
252,252S,QUAG,20,1,T,S,13112,
253,253S,QUAG,21,1,T,S,4852,
254,254S,QUAG,22,1,T,S,2946,
255,255S,QUAG,23,1,T,S,1636,9.199
256,256S,QUAG,24,1,T,S,2421,13.613
257,257S,QUAG,25,1,T,S,2527,
258,258S,QUAG,26,1,T,S,1769,10.421
259,259S,QUAG,27,1,T,S,2564,13.441
260,260S,QUAG,28,1,T,S,738,3.869
261,261S,QUAG,29,1,T,S,2735,14.334
262,262S,QUAG,30,1,T,S,2481,13.484
263,263S,QUAG,31,1,T,S,497,2.701
264,264S,QUAG,32,1,T,S,2473,13.44
265,265S,QUAG,1,1,C,S,0,
266,266S,QUAG,2,1,C,S,0,
267,267S,QUAG,3,1,C,S,0,
268,268S,QUAG,4,1,C,S,0,
269,269S,QUAG,5,1,C,S,0,
270,270S,QUAG,6,1,C,S,0,
271,271S,QUAG,7,1,C,S,0,
272,272S,QUAG,8,1,C,S,0,
273,273S,QUAG,9,1,C,S,0,
274,274S,QUAG,10,1,C,S,0,
275,275S,QUAG,11,1,C,S,0,
276,276S,QUAG,12,1,C,S,0,
277,277S,QUAG,13,1,C,S,0,
278,278S,QUAG,14,1,C,S,0,
279,279S,QUAG,15,1,C,S,0,
280,280S,QUAG,16,1,C,S,0,
281,281S,QUAG,17,1,C,S,0,
282,282S,QUAG,18,1,C,S,0,
283,283S,QUAG,19,1,C,S,0,
284,284S,QUAG,20,1,C,S,0,
285,285S,QUAG,21,1,C,S,0,
286,286S,QUAG,22,1,C,S,0,
287,287S,QUAG,23,1,C,S,0,
288,288S,QUAG,24,1,C,S,0,
289,289S,QUAG,25,1,C,S,0,
290,290S,QUAG,26,1,C,S,0,
291,291S,QUAG,27,1,C,S,0,
292,292S,QUAG,28,1,C,S,0,
293,293S,QUAG,29,1,C,S,0,
294,294S,QUAG,30,1,C,S,0,
295,295S,QUAG,31,1,C,S,0,
296,296S,QUAG,32,1,C,S,0,
297,297S,QUCH,1,1,T,S,369,1.857
298,298S,QUCH,2,1,T,S,212,1.067
299,299S,QUCH,3,1,T,S,7254,41.094
300,300S,QUCH,4,1,T,S,1027,5.169
301,301S,QUCH,5,1,T,S,526,2.831
302,302S,QUCH,6,1,T,S,0,0
303,303S,QUCH,7,1,T,S,178,0.981
304,304S,QUCH,8,1,T,S,685,3.774
305,305S,QUCH,9,1,T,S,109,0.578
306,306S,QUCH,10,1,T,S,438,2.323
307,307S,QUCH,11,1,T,S,173,0.935
308,308S,QUCH,12,1,T,S,202,1.139
309,309S,QUCH,13,1,T,S,89,0.491
310,310S,QUCH,14,1,T,S,185,1.091
311,311S,QUCH,15,1,T,S,231,1.363
312,312S,QUCH,16,1,T,S,117,0.69
313,313S,QUCH,17,1,T,S,5638,31.06
314,314S,QUCH,18,1,T,S,2585,14.241
315,315S,QUCH,19,1,T,S,249,1.372
316,316S,QUCH,20,1,T,S,251,1.383
317,317S,QUCH,21,1,T,S,2933,14.906
318,318S,QUCH,22,1,T,S,2401,12.203
319,319S,QUCH,23,1,T,S,683,3.788
320,320S,QUCH,24,1,T,S,925,5.379
321,321S,QUCH,25,1,T,S,2648,14.981
322,322S,QUCH,26,1,T,S,810,4.554
323,323S,QUCH,27,1,T,S,2013,11.317
324,324S,QUCH,28,1,T,S,2208,12.402
325,325S,QUCH,29,1,T,S,1093,6.712
326,326S,QUCH,30,1,T,S,350,2.034
327,327S,QUCH,31,1,T,S,471,2.812
328,328S,QUCH,32,1,T,S,2490,13.672
329,329S,QUCH,1,1,C,S,442,2.657
330,330S,QUCH,2,1,C,S,140,0.766
331,331S,QUCH,3,1,C,S,168,1.173
332,332S,QUCH,4,1,C,S,0,0
333,333S,QUCH,5,1,C,S,225,1.132
334,334S,QUCH,6,1,C,S,0,
335,335S,QUCH,7,1,C,S,0,
336,336S,QUCH,8,1,C,S,0,
337,337S,QUCH,9,1,C,S,0,
338,338S,QUCH,10,1,C,S,196,1.08
339,339S,QUCH,11,1,C,S,0,
340,340S,QUCH,12,1,C,S,0,
341,341S,QUCH,13,1,C,S,0,
342,342S,QUCH,14,2,C,S,0,
343,343S,QUCH,15,2,C,S,0,
344,344S,QUCH,16,2,C,S,0,
345,345S,QUCH,17,2,C,S,,0
346,346S,QUCH,18,2,C,S,,0
347,347S,QUCH,19,2,C,S,,0
348,348S,QUCH,20,2,C,S,,1
349,349S,QUCH,21,1,C,S,,0
350,350S,QUCH,22,1,C,S,,0
351,351S,QUCH,23,1,C,S,,0
352,352S,QUCH,24,1,C,S,,0
353,353S,QUCH,25,1,C,S,,0
354,354S,QUCH,26,1,C,S,,0
355,355S,QUCH,27,2,C,S,,0
356,356S,QUCH,28,2,C,S,,0
357,357S,QUCH,29,2,C,S,,0
358,358S,QUCH,30,1,C,S,,0
359,359S,QUCH,31,1,C,S,,0
360,360S,QUCH,32,2,C,S,,0
361,361S,QUPA,1,1,T,S,2084,10.888
362,362S,QUPA,2,1,T,S,2520,13.166
363,363S,QUPA,3,1,T,S,1693,8.845
364,364S,QUPA,4,1,T,S,4652,24.305
365,365S,QUPA,5,1,T,S,3980,19.422
366,366S,QUPA,6,1,T,S,3939,22.144
367,367S,QUPA,7,1,T,S,2955,15.554
368,368S,QUPA,8,1,T,S,2507,13.196
369,369S,QUPA,9,1,T,S,3847,22.661
370,370S,QUPA,10,1,T,S,6738,37.128
371,371S,QUPA,11,1,T,S,2494,13.93
372,372S,QUPA,12,1,T,S,2476,13.643
373,373S,QUPA,13,1,T,S,2828,15.185
374,374S,QUPA,14,1,T,S,4187,22.482
375,375S,QUPA,15,1,T,S,2301,12.355
376,376S,QUPA,16,1,T,S,2209,11.861
377,377S,QUPA,17,1,T,S,2036,10.577
378,378S,QUPA,18,1,T,S,2419,12.566
379,379S,QUPA,19,1,T,S,3565,18.519
380,380S,QUPA,20,1,T,S,1805,10.419
381,381S,QUPA,21,1,T,S,1331,7.333
382,382S,QUPA,22,1,T,S,1640,100
383,383S,QUPA,23,1,T,S,2278,12.642
384,384S,QUPA,24,1,T,S,1877,10.162
385,385S,QUPA,25,1,T,S,10203,53.052
386,386S,QUPA,26,1,T,S,484,2.529
387,387S,QUPA,27,1,T,S,13758,74.918
388,388S,QUPA,28,1,T,S,3450,19.291
389,389S,QUPA,29,1,T,S,2765,15.236
390,390S,QUPA,30,1,T,S,2937,16.184
391,391S,QUPA,31,1,T,S,4373,24.096
392,392S,QUPA,32,1,T,S,6057,33.376
393,393S,QUPA,1,1,C,S,0,
394,394S,QUPA,2,1,C,S,0,
395,395S,QUPA,3,1,C,S,0,
396,396S,QUPA,4,1,C,S,0,
397,397S,QUPA,5,1,C,S,0,
398,398S,QUPA,6,1,C,S,0,
399,399S,QUPA,7,1,C,S,656,
400,400S,QUPA,8,1,C,S,0,
401,401S,QUPA,9,1,C,S,0,
402,402S,QUPA,10,1,C,S,0,
403,403S,QUPA,11,1,C,S,0,
404,404S,QUPA,12,1,C,S,0,
405,405S,QUPA,13,1,C,S,0,
406,406S,QUPA,14,1,C,S,0,
407,407S,QUPA,15,1,C,S,0,
408,408S,QUPA,16,1,C,S,0,
409,409S,QUPA,17,1,C,S,1470,
410,410S,QUPA,18,1,C,S,0,
411,411S,QUPA,19,1,C,S,0,
412,412S,QUPA,20,1,C,S,0,
413,413S,QUPA,21,1,C,S,0,
414,414S,QUPA,22,1,C,S,4368,
415,415S,QUPA,23,1,C,S,0,
416,416S,QUPA,24,1,C,S,299,
417,417S,QUPA,25,1,C,S,0,
418,418S,QUPA,26,1,C,S,2944,
419,419S,QUPA,27,1,C,S,0,
420,420S,QUPA,28,1,C,S,,100
421,421S,QUPA,29,1,C,S,0,
422,422S,QUPA,30,1,C,S,0,
423,423S,QUPA,31,1,C,S,0,
424,424S,QUPA,32,1,C,S,0,
425,425S,TODI,1,1,T,S,6575,49.369
425,425C,TODI,1,1,T,C,5021,35.07
426,426S,TODI,2,1,T,S,9672,64.761
426,426C,TODI,2,1,T,C,8751,58.594
427,427S,TODI,3,1,T,S,957,6.685
427,427C,TODI,3,1,T,C,495,3.458
428,428S,TODI,4,1,T,S,74,0.517
428,428C,TODI,4,1,T,C,52,0.363
429,429S,TODI,5,1,T,S,2895,21.985
429,429C,TODI,5,1,T,C,4132,29.938
430,430S,TODI,6,1,T,S,292,2.116
430,430C,TODI,6,1,T,C,1135,8.223
431,431S,TODI,7,1,T,S,4310,30.567
431,431C,TODI,7,1,T,C,203,1.397
432,432S,TODI,8,1,T,S,575,3.956
432,432C,TODI,8,1,T,C,2003,15.128
433,433S,TODI,9,1,T,S,102,0.724
433,433C,TODI,9,1,T,C,252,1.79
434,434S,TODI,10,1,T,S,206,1.463
434,434C,TODI,10,1,T,C,4501,31.432
435,435S,TODI,11,1,T,S,8934,65.25
435,435C,TODI,11,1,T,C,7412,53.324
436,436S,TODI,12,1,T,S,4460,32.086
436,436C,TODI,12,1,T,C,3788,27.252
437,437S,TODI,13,1,T,S,5446,40.115
437,437C,TODI,13,1,T,C,551,4.022
438,438S,TODI,14,1,T,S,6598,48.6
438,438C,TODI,14,1,T,C,7406,54.552
439,439S,TODI,15,1,T,S,722,5.27
439,439C,TODI,15,1,T,C,1269,9.263
440,440S,TODI,16,1,T,S,3501,25.788
440,440C,TODI,16,1,T,C,4290,31.6
441,441S,TODI,17,1,T,S,8494,63.568
441,441C,TODI,17,1,T,C,5544,41.491
442,442S,TODI,18,1,T,S,6817,46.577
442,442C,TODI,18,1,T,C,5744,39.246
443,443S,TODI,19,1,T,S,14610,99.822
443,443C,TODI,19,1,T,C,14056,86.403
444,444S,TODI,20,1,T,S,293,1.876
444,444C,TODI,20,1,T,C,210,1.345
445,445S,TODI,21,1,T,S,99,0.662
445,445C,TODI,21,1,T,C,218,1.458
446,446S,TODI,22,1,T,S,2534,18.507
446,446C,TODI,22,1,T,C,299,2.151
447,447S,TODI,23,1,T,S,3301,22.734
447,447C,TODI,23,1,T,C,623,3.929
448,448S,TODI,24,1,T,S,1930,12.172
448,448C,TODI,24,1,T,C,1793,12.167
449,449S,TODI,25,1,T,S,786,5.334
449,449C,TODI,25,1,T,C,95,0.645
450,450S,TODI,26,1,T,S,780,5.293
450,450C,TODI,26,1,T,C,311,2.11
451,451S,TODI,27,1,T,S,3117,20.115
451,451C,TODI,27,1,T,C,4150,26.781
452,452S,TODI,28,1,T,S,640,4.343
452,452C,TODI,28,1,T,C,246,1.669
453,453S,TODI,29,1,T,S,2299,14.94
453,453C,TODI,29,1,T,C,559,3.823
454,454S,TODI,30,1,T,S,578,4.036
454,454C,TODI,30,1,T,C,701,5.123
455,455S,TODI,31,1,T,S,3647,26.652
455,455C,TODI,31,1,T,C,4470,32.666
456,456S,TODI,32,1,T,S,9454,69.088
456,456C,TODI,32,1,T,C,9493,62.52
457,457S,TODI,1,1,C,S,0,
457,457C,TODI,1,1,C,C,0,
458,458S,TODI,2,1,C,S,0,
458,458C,TODI,2,1,C,C,225,
459,459S,TODI,9,1,C,S,0,
459,459C,TODI,9,1,C,C,0,
460,460S,TODI,10,1,C,S,0,
460,460C,TODI,10,1,C,C,0,
461,461S,TODI,17,1,C,S,0,
461,461C,TODI,17,1,C,C,0,
462,462S,TODI,18,1,C,S,564,3.509
462,462C,TODI,18,1,C,C,135,0.909
463,463S,TODI,25,1,C,S,0,
463,463C,TODI,25,1,C,C,0,
464,464S,TODI,26,1,C,S,0,
464,464C,TODI,26,1,C,C,0,
465,465S,TODI,29,1,C,S,0,
465,465C,TODI,29,1,C,C,0,
466,466S,TODI,30,1,C,S,0,
466,466C,TODI,30,1,C,C,0,
467,467S,UMCA,1,1,T,S,4463,23.494
467,467C,UMCA,1,1,T,C,1704,8.592
468,468S,UMCA,2,1,T,S,9576,51.431
468,468C,UMCA,2,1,T,C,6076,35.336
469,469S,UMCA,3,1,T,S,2512,12.666
469,469C,UMCA,3,1,T,C,1447,7.296
470,470S,UMCA,4,1,T,S,7288,40.404
470,470C,UMCA,4,1,T,C,6383,35.386
471,471S,UMCA,5,1,T,S,3108,
471,471C,UMCA,5,1,T,C,3049,
472,472S,UMCA,6,1,T,S,4098,25.365
472,472C,UMCA,6,1,T,C,66,0.376
473,473S,UMCA,7,1,T,S,4643,26.42
473,473C,UMCA,7,1,T,C,4540,
474,474S,UMCA,8,1,T,S,3327,
474,474C,UMCA,8,1,T,C,6578,39.522
475,475S,UMCA,9,1,T,S,2564,14.799
475,475C,UMCA,9,1,T,C,2325,12.986
476,476S,UMCA,10,1,T,S,5406,29.052
476,476C,UMCA,10,1,T,C,3834,22.615
477,477S,UMCA,11,1,T,S,2317,12.672
477,477C,UMCA,11,1,T,C,4436,24.262
478,478S,UMCA,12,1,T,S,5947,32.526
478,478C,UMCA,12,1,T,C,8439,46.155
479,479S,UMCA,13,1,T,S,2734,16.206
479,479C,UMCA,13,1,T,C,2802,16.609
480,480S,UMCA,14,1,T,S,3058,
480,480C,UMCA,14,1,T,C,4026,24.04
481,481S,UMCA,15,1,T,S,7203,43.011
481,481C,UMCA,15,1,T,C,14250,85.09
482,482S,UMCA,16,1,T,S,5289,31.156
482,482C,UMCA,16,1,T,C,5537,32.617
483,483S,UMCA,17,1,T,S,6541,34.175
483,483C,UMCA,17,1,T,C,10043,52.471
484,484S,UMCA,18,1,T,S,5034,28.3
484,484C,UMCA,18,1,T,C,5600,29.258
485,485S,UMCA,19,1,T,S,5191,26.983
485,485C,UMCA,19,1,T,C,1690,9.567
486,486S,UMCA,20,1,T,S,4251,25.757
486,486C,UMCA,20,1,T,C,3159,17.644
487,487S,UMCA,21,1,T,S,2761,16.052
487,487C,UMCA,21,1,T,C,2936,17.07
488,488S,UMCA,22,1,T,S,890,5.038
488,488C,UMCA,22,1,T,C,570,3.184
489,489S,UMCA,23,1,T,S,3293,17.438
489,489C,UMCA,23,1,T,C,4157,23.244
490,490S,UMCA,24,1,T,S,1864,10.765
490,490C,UMCA,24,1,T,C,3075,17.758
491,491S,UMCA,25,1,T,S,1005,5.92
491,491C,UMCA,25,1,T,C,10068,48.829
492,492S,UMCA,26,1,T,S,5647,28.433
492,492C,UMCA,26,1,T,C,10366,52.174
493,493S,UMCA,27,1,T,S,4688,24.684
493,493C,UMCA,27,1,T,C,3367,19.571
494,494S,UMCA,28,1,T,S,4016,21.146
494,494C,UMCA,28,1,T,C,3264,18.463
495,495S,UMCA,29,1,T,S,9364,51.27
495,495C,UMCA,29,1,T,C,7983,45.743
496,496S,UMCA,30,1,T,S,2816,15.304
496,496C,UMCA,30,1,T,C,1086,6.494
497,497S,UMCA,31,1,T,S,1277,6.516
497,497C,UMCA,31,1,T,C,6147,33.006
498,498S,UMCA,32,1,T,S,798,4.285
498,498C,UMCA,32,1,T,C,2430,13.048
499,499S,UMCA,1,1,C,S,,0
499,499C,UMCA,1,1,C,C,,0
500,500S,UMCA,2,1,C,S,3639,
500,500C,UMCA,2,1,C,C,1054,
501,501S,UMCA,3,1,C,S,,0
501,501C,UMCA,3,1,C,C,,0
502,502S,UMCA,4,1,C,S,,0
502,502C,UMCA,4,1,C,C,,0
503,503S,UMCA,5,1,C,S,,0
503,503C,UMCA,5,1,C,C,,0
504,504S,UMCA,6,1,C,S,908,
504,504C,UMCA,6,1,C,C,452,
505,505S,UMCA,7,1,C,S,358,
505,505C,UMCA,7,1,C,C,0,
506,506S,UMCA,8,1,C,S,74,0.502
506,506C,UMCA,8,1,C,C,91,0.618
507,507S,UMCA,9,1,C,S,,1
507,507C,UMCA,9,1,C,C,,0
508,508S,UMCA,10,1,C,S,,0
508,508C,UMCA,10,1,C,C,,0
509,509S,UMCA,11,1,C,S,,0
509,509C,UMCA,11,1,C,C,,0
510,510S,UMCA,12,1,C,S,,0
510,510C,UMCA,12,1,C,C,,0
511,511S,UMCA,13,1,C,S,,0
511,511C,UMCA,13,1,C,C,,0
512,512S,UMCA,14,1,C,S,,0
512,512C,UMCA,14,1,C,C,,0
513,513S,UMCA,15,1,C,S,,0
513,513C,UMCA,15,1,C,C,,0
514,514S,UMCA,16,1,C,S,,0
514,514C,UMCA,16,1,C,C,,0
515,515S,UMCA,17,1,C,S,0,
515,515C,UMCA,17,1,C,C,0,
516,516S,UMCA,18,1,C,S,0,
516,516C,UMCA,18,1,C,C,0,
517,517S,UMCA,19,1,C,S,0,
517,517C,UMCA,19,1,C,C,410,
518,518S,UMCA,20,1,C,S,0,
518,518C,UMCA,20,1,C,C,0,
519,519S,UMCA,21,1,C,S,0,
519,519C,UMCA,21,1,C,C,0,
520,520S,UMCA,22,1,C,S,0,
520,520C,UMCA,22,1,C,C,0,
521,521S,UMCA,23,1,C,S,0,
521,521C,UMCA,23,1,C,C,0,
522,522S,UMCA,24,1,C,S,0,
522,522C,UMCA,24,1,C,C,0,
523,523S,UMCA,25,1,C,S,101,
523,523C,UMCA,25,1,C,C,0,
524,524S,UMCA,26,1,C,S,0,
524,524C,UMCA,26,1,C,C,119,
525,525S,UMCA,27,1,C,S,0,
525,525C,UMCA,27,1,C,C,0,
526,526S,UMCA,28,1,C,S,0,
526,526C,UMCA,28,1,C,C,0,
527,527S,UMCA,29,1,C,S,0,
527,527C,UMCA,29,1,C,C,0,
528,528S,UMCA,30,1,C,S,0,
528,528C,UMCA,30,1,C,C,334,1.855
529,529S,UMCA,31,1,C,S,1809,
529,529C,UMCA,31,1,C,C,0,
530,530S,UMCA,32,1,C,S,0,
530,530C,UMCA,32,1,C,C,0,
531,531S,PIPO,1,1,T,S,,
531,531C,PIPO,1,1,T,C,,
532,532S,PIPO,2,1,T,S,,
532,532C,PIPO,2,1,T,C,,
533,533S,PIPO,3,1,T,S,,
533,533C,PIPO,3,1,T,C,,
534,534S,PIPO,4,1,T,S,,
534,534C,PIPO,4,1,T,C,,
535,535S,PIPO,5,1,T,S,,
535,535C,PIPO,5,1,T,C,,
536,536S,PIPO,6,1,T,S,,
536,536C,PIPO,6,1,T,C,,
537,537S,PIPO,7,1,T,S,,
537,537C,PIPO,7,1,T,C,,
538,538S,PIPO,8,1,T,S,,
538,538C,PIPO,8,1,T,C,,
539,539S,PIPO,9,1,T,S,,
539,539C,PIPO,9,1,T,C,,
540,540S,PIPO,10,1,T,S,,
540,540C,PIPO,10,1,T,C,,
541,541S,PIPO,11,1,T,S,,
541,541C,PIPO,11,1,T,C,,
542,542S,PIPO,12,1,T,S,,
542,542C,PIPO,12,1,T,C,,
543,543S,PIPO,13,1,T,S,,
543,543C,PIPO,13,1,T,C,,
544,544S,PIPO,14,1,T,S,,
544,544C,PIPO,14,1,T,C,,
545,545S,PIPO,15,1,T,S,,
545,545C,PIPO,15,1,T,C,,
546,546S,PIPO,16,1,T,S,,
546,546C,PIPO,16,1,T,C,,
547,547S,PIPO,17,1,T,S,,
547,547C,PIPO,17,1,T,C,,
548,548S,PIPO,18,1,T,S,,
548,548C,PIPO,18,1,T,C,,
549,549S,PIPO,19,1,T,S,,
549,549C,PIPO,19,1,T,C,,
550,550S,PIPO,20,1,T,S,,
550,550C,PIPO,20,1,T,C,,
551,551S,PIPO,21,1,T,S,,
551,551C,PIPO,21,1,T,C,,
552,552S,PIPO,22,1,T,S,,
552,552C,PIPO,22,1,T,C,,
553,553S,PIPO,23,1,T,S,,
553,553C,PIPO,23,1,T,C,,
554,554S,PIPO,24,1,T,S,,
554,554C,PIPO,24,1,T,C,,
555,555S,PIPO,25,1,T,S,,
555,555C,PIPO,25,1,T,C,,
556,556S,PIPO,26,1,T,S,,
556,556C,PIPO,26,1,T,C,,
557,557S,PIPO,27,1,T,S,,
557,557C,PIPO,27,1,T,C,,
558,558S,PIPO,28,1,T,S,,
558,558C,PIPO,28,1,T,C,,
559,559S,PIPO,29,1,T,S,,
559,559C,PIPO,29,1,T,C,,
560,560S,PIPO,30,1,T,S,,
560,560C,PIPO,30,1,T,C,,
561,561S,PIPO,31,1,T,S,,
561,561C,PIPO,31,1,T,C,,
562,562S,PIPO,32,1,T,S,,
562,562C,PIPO,32,1,T,C,,
563,563S,PIPO,1,2,C,S,,
563,563C,PIPO,1,2,C,C,,
564,564S,PIPO,2,2,C,S,,
564,564C,PIPO,2,2,C,C,,
565,565S,PIPO,5,2,C,S,,
565,565C,PIPO,5,2,C,C,,
566,566S,PIPO,6,2,C,S,,
566,566C,PIPO,6,2,C,C,,
567,567S,PIPO,9,2,C,S,,
567,567C,PIPO,9,2,C,C,,
568,568S,PIPO,13,2,C,S,,
568,568C,PIPO,13,2,C,C,,
569,569S,PIPO,17,2,C,S,,
569,569C,PIPO,17,2,C,C,,
570,570S,PIPO,21,2,C,S,,
570,570C,PIPO,21,2,C,C,,
571,571S,PIPO,25,2,C,S,,
571,571C,PIPO,25,2,C,C,,
572,572S,PIPO,29,2,C,S,,
572,572C,PIPO,29,2,C,C,,
573,573S,SESE,1,1,T,S,,
573,573C,SESE,1,1,T,C,,
574,574S,SESE,2,1,T,S,,
574,574C,SESE,2,1,T,C,,
575,575S,SESE,3,1,T,S,,
575,575C,SESE,3,1,T,C,,
576,576S,SESE,4,1,T,S,,
576,576C,SESE,4,1,T,C,,
577,577S,SESE,5,1,T,S,,
577,577C,SESE,5,1,T,C,,
578,578S,SESE,6,1,T,S,,
578,578C,SESE,6,1,T,C,,
579,579S,SESE,7,1,T,S,,
579,579C,SESE,7,1,T,C,,
580,580S,SESE,8,1,T,S,,
580,580C,SESE,8,1,T,C,,
581,581S,SESE,9,1,T,S,,
581,581C,SESE,9,1,T,C,,
582,582S,SESE,10,1,T,S,,
582,582C,SESE,10,1,T,C,,
583,583S,SESE,11,1,T,S,,
583,583C,SESE,11,1,T,C,,
584,584S,SESE,12,1,T,S,,
584,584C,SESE,12,1,T,C,,
585,585S,SESE,13,1,T,S,,
585,585C,SESE,13,1,T,C,,
586,586S,SESE,14,1,T,S,,
586,586C,SESE,14,1,T,C,,
587,587S,SESE,15,1,T,S,,
587,587C,SESE,15,1,T,C,,
588,588S,SESE,16,1,T,S,,
588,588C,SESE,16,1,T,C,,
589,589S,SESE,17,1,T,S,,
589,589C,SESE,17,1,T,C,,
590,590S,SESE,18,1,T,S,,
590,590C,SESE,18,1,T,C,,
591,591S,SESE,19,1,T,S,,
591,591C,SESE,19,1,T,C,,
592,592S,SESE,20,1,T,S,,
592,592C,SESE,20,1,T,C,,
593,593S,SESE,21,1,T,S,,
593,593C,SESE,21,1,T,C,,
594,594S,SESE,22,1,T,S,,
594,594C,SESE,22,1,T,C,,
595,595S,SESE,23,1,T,S,,
595,595C,SESE,23,1,T,C,,
596,596S,SESE,24,1,T,S,,
596,596C,SESE,24,1,T,C,,
597,597S,SESE,25,1,T,S,,
597,597C,SESE,25,1,T,C,,
598,598S,SESE,26,1,T,S,,
598,598C,SESE,26,1,T,C,,
599,599S,SESE,27,1,T,S,,
599,599C,SESE,27,1,T,C,,
600,600S,SESE,28,1,T,S,,
600,600C,SESE,28,1,T,C,,
601,601S,SESE,29,1,T,S,,
601,601C,SESE,29,1,T,C,,
602,602S,SESE,30,1,T,S,,
602,602C,SESE,30,1,T,C,,
603,603S,SESE,31,1,T,S,,
603,603C,SESE,31,1,T,C,,
604,604S,SESE,32,1,T,S,,
604,604C,SESE,32,1,T,C,,
605,605S,SESE,1,2,C,S,,
605,605C,SESE,1,2,C,C,,
606,606S,SESE,2,2,C,S,,
606,606C,SESE,2,2,C,C,,
607,607S,SESE,5,2,C,S,,
607,607C,SESE,5,2,C,C,,
608,608S,SESE,6,2,C,S,,
608,608C,SESE,6,2,C,C,,
609,609S,SESE,9,2,C,S,,
609,609C,SESE,9,2,C,C,,
610,610S,SESE,13,2,C,S,,
610,610C,SESE,13,2,C,C,,
611,611S,SESE,17,2,C,S,,
611,611C,SESE,17,2,C,C,,
612,612S,SESE,21,2,C,S,,
612,612C,SESE,21,2,C,C,,
613,613S,SESE,25,2,C,S,,
613,613C,SESE,25,2,C,C,,
614,614S,SESE,29,2,C,S,,
614,614C,SESE,29,2,C,C,,
615,615S,PSME,1,1,T,S,,
615,615C,PSME,1,1,T,C,,
616,616S,PSME,2,1,T,S,,
616,616C,PSME,2,1,T,C,,
617,617S,PSME,3,1,T,S,,
617,617C,PSME,3,1,T,C,,
618,618S,PSME,4,1,T,S,,
618,618C,PSME,4,1,T,C,,
619,619S,PSME,5,1,T,S,,
619,619C,PSME,5,1,T,C,,
620,620S,PSME,6,1,T,S,,
620,620C,PSME,6,1,T,C,,
621,621S,PSME,7,1,T,S,,
621,621C,PSME,7,1,T,C,,
622,622S,PSME,8,1,T,S,,
622,622C,PSME,8,1,T,C,,
623,623S,PSME,9,1,T,S,,
623,623C,PSME,9,1,T,C,,
624,624S,PSME,10,1,T,S,,
624,624C,PSME,10,1,T,C,,
625,625S,PSME,11,1,T,S,,
625,625C,PSME,11,1,T,C,,
626,626S,PSME,12,1,T,S,,
626,626C,PSME,12,1,T,C,,
627,627S,PSME,13,1,T,S,,
627,627C,PSME,13,1,T,C,,
628,628S,PSME,14,1,T,S,,
628,628C,PSME,14,1,T,C,,
629,629S,PSME,15,1,T,S,,
629,629C,PSME,15,1,T,C,,
630,630S,PSME,16,1,T,S,,
630,630C,PSME,16,1,T,C,,
631,631S,PSME,17,1,T,S,,
631,631C,PSME,17,1,T,C,,
632,632S,PSME,18,1,T,S,,
632,632C,PSME,18,1,T,C,,
633,633S,PSME,19,1,T,S,,
633,633C,PSME,19,1,T,C,,
634,634S,PSME,20,1,T,S,,
634,634C,PSME,20,1,T,C,,
635,635S,PSME,21,1,T,S,,
635,635C,PSME,21,1,T,C,,
636,636S,PSME,22,1,T,S,,
636,636C,PSME,22,1,T,C,,
637,637S,PSME,23,1,T,S,,
637,637C,PSME,23,1,T,C,,
638,638S,PSME,24,1,T,S,,
638,638C,PSME,24,1,T,C,,
639,639S,PSME,25,1,T,S,,
639,639C,PSME,25,1,T,C,,
640,640S,PSME,26,1,T,S,,
640,640C,PSME,26,1,T,C,,
641,641S,PSME,27,1,T,S,,
641,641C,PSME,27,1,T,C,,
642,642S,PSME,28,1,T,S,,
642,642C,PSME,28,1,T,C,,
643,643S,PSME,29,1,T,S,,
643,643C,PSME,29,1,T,C,,
644,644S,PSME,30,1,T,S,,
644,644C,PSME,30,1,T,C,,
645,645S,PSME,31,1,T,S,,
645,645C,PSME,31,1,T,C,,
646,646S,PSME,32,1,T,S,,
646,646C,PSME,32,1,T,C,,
647,647S,PSME,1,2,C,S,,
647,647C,PSME,1,2,C,C,,
648,648S,PSME,2,2,C,S,,
648,648C,PSME,2,2,C,C,,
649,649S,PSME,5,2,C,S,,
649,649C,PSME,5,2,C,C,,
650,650S,PSME,6,2,C,S,,
650,650C,PSME,6,2,C,C,,
651,651S,PSME,9,2,C,S,,
651,651C,PSME,9,2,C,C,,
652,652S,PSME,13,2,C,S,,
652,652C,PSME,13,2,C,C,,
653,653S,PSME,17,2,C,S,,
653,653C,PSME,17,2,C,C,,
654,654S,PSME,21,2,C,S,,
654,654C,PSME,21,2,C,C,,
655,655S,PSME,25,2,C,S,,
655,655C,PSME,25,2,C,C,,
656,656S,PSME,29,2,C,S,,
656,656C,PSME,29,2,C,C,,
657,657S,UMCAD,1,1,T,S,,
657,657C,UMCAD,1,1,T,C,,
658,658S,UMCAD,2,1,T,S,,
658,658C,UMCAD,2,1,T,C,,
659,659S,UMCAD,3,1,T,S,,
659,659C,UMCAD,3,1,T,C,,
660,660S,UMCAD,4,1,T,S,,
660,660C,UMCAD,4,1,T,C,,
661,661S,UMCAD,5,1,T,S,,
661,661C,UMCAD,5,1,T,C,,
662,662S,UMCAD,6,1,T,S,,
662,662C,UMCAD,6,1,T,C,,
663,663S,UMCAD,7,1,T,S,,
663,663C,UMCAD,7,1,T,C,,
664,664S,UMCAD,8,1,T,S,,
664,664C,UMCAD,8,1,T,C,,
665,665S,UMCAD,9,1,T,S,,
665,665C,UMCAD,9,1,T,C,,
666,666S,UMCAD,10,1,T,S,,
666,666C,UMCAD,10,1,T,C,,
667,667S,UMCAD,1,2,C,S,,
667,667C,UMCAD,1,2,C,C,,
668,668S,UMCAD,2,2,C,S,,
668,668C,UMCAD,2,2,C,C,,
669,669S,UMCAD,3,2,C,S,,
669,669C,UMCAD,3,2,C,C,,
670,670S,UMCAD,4,2,C,S,,
670,670C,UMCAD,4,2,C,C,,
671,671S,UMCAD,5,2,C,S,,
671,671C,UMCAD,5,2,C,C,,
672,672S,UMCAD,6,2,C,S,,
672,672C,UMCAD,6,2,C,C,,
673,673S,UMCAD,7,2,C,S,,
673,673C,UMCAD,7,2,C,C,,
674,674S,UMCAD,8,2,C,S,,
674,674C,UMCAD,8,2,C,C,,
675,675S,UMCAD,9,2,C,S,,
675,675C,UMCAD,9,2,C,C,,
676,676S,UMCAD,10,2,C,S,,
676,676C,UMCAD,10,2,C,C,,
677,677S,LIDED,1,1,T,S,,
677,677C,LIDED,1,1,T,C,,
678,678S,LIDED,2,1,T,S,,
678,678C,LIDED,2,1,T,C,,
679,679S,LIDED,3,1,T,S,,
679,679C,LIDED,3,1,T,C,,
680,680S,LIDED,4,1,T,S,,
680,680C,LIDED,4,1,T,C,,
681,681S,LIDED,5,1,T,S,,
681,681C,LIDED,5,1,T,C,,
682,682S,LIDED,6,1,T,S,,
682,682C,LIDED,6,1,T,C,,
683,683S,LIDED,7,1,T,S,,
683,683C,LIDED,7,1,T,C,,
684,684S,LIDED,8,1,T,S,,
684,684C,LIDED,8,1,T,C,,
685,685S,LIDED,9,1,T,S,,
685,685C,LIDED,9,1,T,C,,
686,686S,LIDED,10,1,T,S,,
686,686C,LIDED,10,1,T,C,,
687,687S,LIDED,1,2,C,S,,
687,687C,LIDED,1,2,C,C,,
688,688S,LIDED,2,2,C,S,,
688,688C,LIDED,2,2,C,C,,
689,689S,LIDED,3,2,C,S,,
689,689C,LIDED,3,2,C,C,,
690,690S,LIDED,4,2,C,S,,
690,690C,LIDED,4,2,C,C,,
691,691S,LIDED,5,2,C,S,,
691,691C,LIDED,5,2,C,C,,
692,692S,LIDED,6,2,C,S,,
692,692C,LIDED,6,2,C,C,,
693,693S,LIDED,7,2,C,S,,
693,693C,LIDED,7,2,C,C,,
694,694S,LIDED,8,2,C,S,,
694,694C,LIDED,8,2,C,C,,
695,695S,LIDED,9,2,C,S,,
695,695C,LIDED,9,2,C,C,,
696,696S,LIDED,10,2,C,S,,
696,696C,LIDED,10,2,C,C,,