"leafID","leafID2","species","ind","leaf","trt","spore_assay","processor","spore_counter","date_counted","count1","count2","count3","prop","total_area","perc_lesion","notes"
1,"1S","ACMA",1,1,"T","S","LMR","LMR",2019-05-21,"8","9","13","NA",13778,89.144229705979,NA
1,"1C","ACMA",1,1,"T","C","LMR","LMR",2019-05-30,"228","NA","NA","0.1",8669,54.756,NA
2,"2S","ACMA",2,1,"T","S","LMR","LMR",2019-05-21,"4","0","0","NA",14955,94.461,NA
2,"2C","ACMA",2,1,"T","C","LMR","LMR",2019-05-31,"140","NA","NA","0.05",13535,85.491,NA
3,"3S","ACMA",3,1,"T","S","LMR","LMR",2019-05-21,"1","1","3","NA",13478,85.131,NA
3,"3C","ACMA",3,1,"T","C","LMR","LMR",2019-06-01,"235","NA","NA","0.1",9167,61.731,NA
4,"4S","ACMA",4,1,"T","S","LMR","LMR",2019-05-21,"7","2","1","NA",8615,51.76,NA
4,"4C","ACMA",4,1,"T","C","LMR","LMR",2019-06-01,"153","NA","NA","0.1",7693,46.221,NA
5,"5S","ACMA",5,1,"T","S","LMR","LMR",2019-05-21,"0","0","0","NA",6302,48.989,NA
5,"5C","ACMA",5,1,"T","C","LMR","EL",2019-06-11,"91","NA","NA","0.1",9181,67.054,NA
6,"6S","ACMA",6,1,"T","S","LMR","LMR",2019-05-21,"10","15","15","NA",13470,100,NA
6,"6C","ACMA",6,1,"T","C","LMR","EL",2019-06-11,"367","NA","NA","0.2",13470,100,"plated on parp to ensure ramorum dead in koh. It is."
7,"7S","ACMA",7,1,"T","S","LMR","LMR",2019-05-21,"0","0","0","NA",12998,94.931,NA
7,"7C","ACMA",7,1,"T","C","LMR","EL",2019-06-11,"183","NA","NA","0.05",12717,92.879,NA
8,"8S","ACMA",8,1,"T","S","LMR","LMR",2019-05-21,"2","1","3","NA",13510,98.671,NA
8,"8C","ACMA",8,1,"T","C","LMR","EL",2019-06-11,"214","NA","NA","0.1",9272,65.722,NA
9,"9S","ACMA",9,1,"T","S","LMR","LMR",2019-08-01,"1","1","1","NA",7702,51.47,NA
9,"9C","ACMA",9,1,"T","C","LMR","EL",2019-06-11,"152","NA","NA","0.1",7415,49.552,NA
10,"10C","ACMA",10,1,"T","C","LMR","EL",2019-06-11,"163","NA","NA","0.1",13483,87.2355675080356,NA
10,"10S","ACMA",10,1,"T","S","LMR","LMR",2019-08-01,"0","1","3","NA",12129,81.055,NA
11,"11S","ACMA",11,1,"T","S","LMR","LMR",2019-08-01,"0","0","2","NA",11217,73.046,NA
11,"11C","ACMA",11,1,"T","C","LMR","EL",2019-06-11,"65","NA","NA","0.1",7699,50.745,NA
12,"12S","ACMA",12,1,"T","S","LMR","LMR",2019-08-01,"0","0","0","NA",10961,73.249,NA
12,"12C","ACMA",12,1,"T","C","LMR","EL",2019-06-11,"80","NA","NA","0.1",10805,70.363,NA
13,"13S","ACMA",13,1,"T","S","LMR","LMR",2019-08-01,"3","2","2","NA",12317,82.932,NA
13,"13C","ACMA",13,1,"T","C","LMR","EL",2019-06-11,"117","NA","NA","0.1",9352,62.968,NA
14,"14S","ACMA",14,1,"T","S","LMR","LMR",2019-08-01,"0","0","0","NA",14342,96.566,NA
14,"14C","ACMA",14,1,"T","C","LMR","EL",2019-06-11,"163","NA","NA","0.1",12836,86.426,NA
15,"15S","ACMA",15,1,"T","S","LMR","LMR",2019-08-01,"0","1","1","NA",10958,74.362,NA
15,"15C","ACMA",15,1,"T","C","LMR","EL",2019-06-12,"72","NA","NA","0.1",7450,50.556,NA
16,"16S","ACMA",16,1,"T","S","LMR","LMR",2019-08-01,"1","0","1","NA",10018,67.983,NA
16,"16C","ACMA",16,1,"T","C","LMR","EL",2019-06-12,"67","NA","NA","0.1",9499,64.461,NA
17,"17S","ACMA",17,1,"T","S","LMR","LMR",2019-08-01,"0","1","1","NA",9600,58.925,NA
17,"17C","ACMA",17,1,"T","C","LMR","EL",2019-06-12,"181","NA","NA","0.1",12157,74.619,NA
18,"18S","ACMA",18,1,"T","S","LMR","LMR",2019-08-01,"0","1","0","NA",15100,100,NA
18,"18C","ACMA",18,1,"T","C","LMR","EL",2019-06-12,"192","NA","NA","0.1",14619,89.731,NA
19,"19S","ACMA",19,1,"T","S","LMR","LMR",2019-08-01,"0","0","0","NA",14482,99.986,NA
19,"19C","ACMA",19,1,"T","C","LMR","EL",2019-06-12,"134","NA","NA","0.1",14482,99.986,NA
20,"20S","ACMA",20,1,"T","S","LMR","LMR",2019-08-01,"1","1","0","NA",11888,72.968,NA
20,"20C","ACMA",20,1,"T","C","LMR","EL",2019-06-12,"121","NA","NA","0.1",10715,65.768,NA
21,"21S","ACMA",21,1,"T","S","LMR","LMR",2019-08-01,"2","0","0","NA",11894,79.484,NA
21,"21C","ACMA",21,1,"T","C","LMR","EL",2019-06-12,"192","NA","NA","0.1",11392,76.129,NA
22,"22S","ACMA",22,1,"T","S","LMR","LMR",2019-08-01,"0","0","1","NA",9057,61.462,NA
22,"22C","ACMA",22,1,"T","C","LMR","EL",2019-06-12,"158","NA","NA","0.1",12187,82.702,NA
23,"23S","ACMA",23,1,"T","S","LMR","LMR",2019-08-01,"2","4","0","NA",11283,76.568,"discs placed horizontally instead of vertically. Guessed the one closer to corner was sporangia."
23,"23C","ACMA",23,1,"T","C","LMR","SF",2019-06-12,"241","NA","NA","0.1",10177,69.062,"discs placed horizontally instead of vertically. Guessed the one closer to corner was sporangia."
24,"24S","ACMA",24,1,"T","S","LMR","LMR",2019-08-01,"0","0","1","NA",14082,95.562,NA
24,"24C","ACMA",24,1,"T","C","LMR","SF",2019-06-12,"173","NA","NA","0.05",14964,100,NA
25,"25S","ACMA",25,1,"T","S","LMR","LMR",2019-08-05,"0","2","0","NA",16524,100,NA
25,"25C","ACMA",25,1,"T","C","LMR","SF",2019-06-12,"78","NA","NA","0.05",13644,82.571,NA
26,"26S","ACMA",26,1,"T","S","LMR","LMR",2019-08-05,"228","229","150","NA",16425,99.401,"holy shit"
26,"26C","ACMA",26,1,"T","C","LMR","SF",2019-06-12,"191","NA","NA","0.05",15964,96.611,"large qty sporangia"
27,"27S","ACMA",27,1,"T","S","LMR","LMR",2019-08-05,"1","7","5","NA",13805,84.735,NA
27,"27C","ACMA",27,1,"T","C","LMR","SF",2019-06-12,"124","NA","NA","0.05",11654,71.532,"2 discs in tube. One with more spores was counted"
28,"28S","ACMA",28,1,"T","S","LMR","LMR",2019-08-05,"12","9","13","NA",16524,100,NA
28,"28C","ACMA",28,1,"T","C","LMR","SF",2019-06-12,"203","NA","NA","0.05",16524,100,"odd shaped spore clumps not counted"
29,"29S","ACMA",29,1,"T","S","LMR","LMR",2019-08-05,"1","2","4","NA",13202,92.193,NA
29,"29C","ACMA",29,1,"T","C","LMR","SF",2019-06-12,"65","NA","NA","0.05",10563,69.622,NA
30,"30S","ACMA",30,1,"T","S","LMR","LMR",2019-08-05,"3","2","3","NA",13349,87.984,NA
30,"30C","ACMA",30,1,"T","C","LMR","SF",2019-06-12,"165","NA","NA","0.1",14877,98.056,NA
31,"31S","ACMA",31,1,"T","S","LMR","LMR",2019-05-21,"2","3","1","NA",15106,99.565,NA
31,"31C","ACMA",31,1,"T","C","LMR","SF",2019-06-12,"144","NA","NA","0.1",15086,99.433,NA
32,"32S","ACMA",32,1,"T","S","LMR","LMR",2019-05-21,"1","0","0","NA",15166,99.96,NA
32,"32C","ACMA",32,1,"T","C","LMR","SF",2019-06-12,"329","NA","NA","0.1",15172,100,NA
33,"33S","ACMA",1,1,"C","S","LMR","LMR",2019-08-09,"0","0","0","NA",1557,10.0738543803316,NA
33,"33C","ACMA",1,1,"C","C","LMR","SF",2019-06-13,"0","NA","NA","1",0,0,NA
34,"34S","ACMA",2,1,"C","S","LMR","LMR",2019-08-09,"0","0","0","NA",515,3.3320712947147,NA
34,"34C","ACMA",2,1,"C","C","LMR","SF",2019-06-13,"0","NA","NA","1",0,0,NA
35,"35S","ACMA",9,1,"C","S","LMR","LMR",2019-08-09,"0","0","0","NA",0,0,NA
35,"35C","ACMA",9,1,"C","C","LMR","SF",2019-06-13,"0","NA","NA","1",0,0,NA
36,"36S","ACMA",10,1,"C","S","LMR","LMR",2019-08-09,"0","0","0","NA",0,0,NA
36,"36C","ACMA",10,1,"C","C","LMR","SF",2019-06-13,"0","NA","NA","1",0,0,NA
37,"37S","ACMA",17,1,"C","S","LMR","LMR",2019-08-09,"0","0","0","NA",40,0.236,NA
37,"37C","ACMA",17,1,"C","C","LMR","SF",2019-06-13,"0","NA","NA","1",7,0.043,NA
38,"38S","ACMA",18,1,"C","S","LMR","LMR",2019-08-09,"0","0","0","NA",94,0.593,NA
38,"38C","ACMA",18,1,"C","C","LMR","SF",2019-06-13,"0","NA","NA","1",113,0.744,NA
39,"39S","ACMA",25,1,"C","S","LMR","LMR",2019-08-09,"0","0","0","NA",148,0.975,NA
39,"39C","ACMA",25,1,"C","C","LMR","SF",2019-06-13,"0","NA","NA","1",455,2.997,NA
40,"40S","ACMA",26,1,"C","S","LMR","LMR",2019-08-09,"0","0","0","NA",103,0.678,NA
40,"40C","ACMA",26,1,"C","C","LMR","SF",2019-06-13,"0","NA","NA","1",6,0.04,NA
41,"41S","ACMA",29,1,"C","S","LMR","LMR",2019-08-09,"0","0","0","NA",0,0,NA
41,"41C","ACMA",29,1,"C","C","LMR","SF",2019-06-13,"0","NA","NA","1",0,0,NA
42,"42S","ACMA",30,1,"C","S","LMR","LMR",2019-08-09,"0","0","0","NA",0,0,NA
42,"42C","ACMA",30,1,"C","C","LMR","SF",2019-06-13,"0","NA","NA","1",0,0,NA
43,"43S","ARME",1,1,"T","S","SF","LMR",2019-05-21,"0","0","0","NA",11052,67.837,NA
43,"43C","ARME",1,1,"T","C","LMR","SF",2019-06-19,"0","NA","NA","1",15691,96.311,NA
44,"44S","ARME",2,1,"T","S","SF","LMR",2019-05-21,"0","0","0","NA",13282,85.712,NA
44,"44C","ARME",2,1,"T","C","LMR","EL",2019-06-25,"9","NA","NA","0.1",9982,64.417,NA
45,"45S","ARME",3,1,"T","S","SF","LMR",2019-05-21,"0","0","1","NA",14768,95.302,NA
45,"45C","ARME",3,1,"T","C","LMR","EL",2019-06-25,"44","NA","NA","0.1",15479,99.89,NA
46,"46S","ARME",4,1,"T","S","SF","LMR",2019-05-21,"0","0","0","NA",11624,75.013,NA
46,"46C","ARME",4,1,"T","C","LMR","EL",2019-06-21,"0","NA","NA","1",9186,59.28,NA
47,"47S","ARME",5,1,"T","S","SF","LMR",2019-08-07,"0","1","0","NA",12922,99.63,NA
47,"47C","ARME",5,1,"T","C","LMR","EL",2019-06-21,"10","NA","NA","1",12949,99.838,NA
48,"48S","ARME",6,1,"T","S","SF","LMR",2019-08-07,"0","0","2","NA",8882,58.899,NA
48,"48C","ARME",6,1,"T","C","LMR","EL",2019-06-25,"40","NA","NA","1",8997,59.662,NA
49,"49S","ARME",7,1,"T","S","SF","LMR",2019-08-07,"0","1","0","NA",14307,94.874,NA
49,"49C","ARME",7,1,"T","C","LMR","EL",2019-06-25,"68","NA","NA","0.1",15080,100,NA
50,"50S","ARME",8,1,"T","S","SF","LMR",2019-08-07,"0","1","0","NA",14997,99.45,NA
50,"50C","ARME",8,1,"T","C","LMR","EL",2019-06-21,"31","NA","NA","1",14964,92.542,NA
51,"51S","ARME",9,1,"T","S","SF","LMR",2019-08-07,"0","0","1","NA",14732,98.502,NA
51,"51C","ARME",9,1,"T","C","LMR","EL",2019-06-21,"0","NA","NA","1",8372,55.978,NA
52,"52S","ARME",10,1,"T","S","SF","LMR",2019-08-07,"0","2","1","NA",NA,100,NA
52,"52C","ARME",10,1,"T","C","LMR","EL",2019-06-21,"5","NA","NA","1",NA,100,NA
53,"53S","ARME",11,1,"T","S","SF","LMR",2019-08-07,"2","0","0","NA",NA,100,NA
53,"53C","ARME",11,1,"T","C","LMR","EL",2019-06-21,"4","NA","NA","1",NA,100,NA
54,"54S","ARME",12,1,"T","S","SF","LMR",2019-08-07,"2","1","1","NA",NA,100,NA
54,"54C","ARME",12,1,"T","C","LMR","EL",2019-06-21,"29","NA","NA","1",NA,100,NA
55,"55S","ARME",13,1,"T","S","SF","LMR",2019-08-07,"1","3","1","NA",NA,100,NA
55,"55C","ARME",13,1,"T","C","LMR","EL",2019-06-21,"69","NA","NA","1",NA,100,NA
56,"56S","ARME",14,1,"T","S","SF","LMR",2019-08-07,"1","1","0","NA",14732,98.502,NA
56,"56C","ARME",14,1,"T","C","LMR","EL",2019-06-21,"24","NA","NA","1",14818,97.667,NA
57,"57S","ARME",15,1,"T","S","SF","LMR",2019-08-07,"0","0","0","NA",NA,100,NA
57,"57C","ARME",15,1,"T","C","LMR","EL",2019-06-21,"34","NA","NA","1",NA,100,NA
58,"58S","ARME",16,1,"T","S","SF","LMR",2019-08-07,"0","0","0","NA",NA,100,NA
58,"58C","ARME",16,1,"T","C","LMR","EL",2019-06-21,"49","NA","NA","1",NA,100,NA
59,"59S","ARME",17,1,"T","S","SF","LMR",2019-08-07,"0","0","1","NA",NA,100,NA
59,"59C","ARME",17,1,"T","C","LMR","SF",2019-06-22,"31","NA","NA","1",NA,100,NA
60,"60S","ARME",18,1,"T","S","SF","LMR",2019-08-07,"0","0","0","NA",NA,100,NA
60,"60C","ARME",18,1,"T","C","LMR","SF",2019-06-22,"55","NA","NA","1",NA,100,NA
61,"61S","ARME",19,1,"T","S","SF","LMR",2019-08-07,"0","1","0","NA",NA,100,NA
61,"61C","ARME",19,1,"T","C","LMR","SF",2019-06-22,"66","NA","NA","1",NA,100,NA
62,"62S","ARME",20,1,"T","S","SF","LMR",2019-08-07,"1","0","0","NA",NA,100,NA
62,"62C","ARME",20,1,"T","C","LMR","SF",2019-06-19,"23","NA","NA","1",NA,100,NA
63,"63S","ARME",21,1,"T","S","SF","LMR",2019-08-07,"0","1","0","NA",NA,100,NA
63,"63C","ARME",21,1,"T","C","LMR","SF",2019-06-22,"104","NA","NA","1",NA,100,NA
64,"64S","ARME",22,1,"T","S","SF","LMR",2019-08-07,"0","0","0","NA",12226,84.108,NA
64,"64C","ARME",22,1,"T","C","LMR","SF",2019-06-22,"2","NA","NA","1",13400,92.185,NA
65,"65S","ARME",23,1,"T","S","SF","LMR",2019-08-07,"0","2","0","NA",12730,87.576,NA
65,"65C","ARME",23,1,"T","C","LMR","SF",2019-06-22,"15","NA","NA","1",NA,100,NA
66,"66S","ARME",24,1,"T","S","SF","LMR",2019-08-07,"0","1","1","NA",NA,100,NA
66,"66C","ARME",24,1,"T","C","LMR","SF",2019-06-22,"39","NA","NA","1",NA,100,NA
67,"67S","ARME",25,1,"T","S","SF","LMR",2019-08-07,"0","0","1","NA",NA,100,NA
67,"67C","ARME",25,1,"T","C","LMR","SF",2019-06-22,"0","NA","NA","1",NA,100,NA
68,"68S","ARME",26,1,"T","S","SF","LMR",2019-08-07,"1","0","0","NA",13362,99.895,NA
68,"68C","ARME",26,1,"T","C","LMR","SF",2019-06-22,"40","NA","NA","1",12685,94.834,NA
69,"69S","ARME",27,1,"T","S","SF","LMR",2019-08-07,"0","0","0","NA",NA,100,NA
69,"69C","ARME",27,1,"T","C","LMR","SF",2019-06-22,"59","NA","NA","1",12465,93.189,NA
70,"70S","ARME",28,1,"T","S","SF","LMR",2019-08-07,"0","1","0","NA",NA,100,NA
70,"70C","ARME",28,1,"T","C","LMR","SF",2019-06-22,"15","NA","NA","1",13080,97.787,NA
71,"71S","ARME",29,1,"T","S","SF","LMR",NA,"NA","NA","NA","NA",NA,NA,"omit. No drop or lesion"
71,"71C","ARME",29,1,"T","C","LMR","SF",2019-06-22,"81","NA","NA","1",14880,97.998,NA
72,"72S","ARME",30,1,"T","S","SF","LMR",2019-08-07,"0","0","2","NA",11297,74.401,NA
72,"72C","ARME",30,1,"T","C","LMR","SF",2019-06-22,"77","NA","NA","1",11219,73.887,NA
73,"73S","ARME",31,1,"T","S","SF","LMR",2019-08-07,"0","0","0","NA",NA,100,NA
73,"73C","ARME",31,1,"T","C","LMR","SF",2019-06-22,"9","NA","NA","1",NA,100,NA
74,"74S","ARME",32,1,"T","S","SF","LMR",2019-08-07,"0","0","1","NA",NA,100,NA
74,"74C","ARME",32,1,"T","C","LMR","SF",2019-06-22,"39","NA","NA","1",NA,100,NA
75,"75S","ARME",1,1,"C","S","EJH","LMR",2019-08-09,"0","0","0","NA",0,0,NA
75,"75C","ARME",1,1,"C","C","LMR","EL",2019-06-22,"0","NA","NA","1",0,0,NA
76,"76S","ARME",2,1,"C","S","EJH","LMR",2019-08-09,"0","0","0","NA",0,0,NA
76,"76C","ARME",2,1,"C","C","LMR","EL",2019-06-25,"0","NA","NA","1",0,0,NA
77,"77S","ARME",9,1,"C","S","EJH","LMR",2019-08-09,"0","0","0","NA",0,0,NA
77,"77C","ARME",9,1,"C","C","LMR","EL",2019-06-25,"0","NA","NA","1",0,0,NA
78,"78S","ARME",10,1,"C","S","EJH","LMR",2019-08-09,"0","0","0","NA",0,0,NA
78,"78C","ARME",10,1,"C","C","LMR","EL",2019-06-25,"0","NA","NA","1",0,0,NA
79,"79S","ARME",17,1,"C","S","EJH","LMR",2019-08-09,"0","0","0","NA",0,0,NA
79,"79C","ARME",17,1,"C","C","LMR","EL",2019-06-25,"0","NA","NA","1",0,0,NA
80,"80S","ARME",18,1,"C","S","EJH","LMR",2019-08-09,"0","0","0","NA",0,0,NA
80,"80C","ARME",18,1,"C","C","LMR","EL",2019-06-25,"0","NA","NA","1",0,0,NA
81,"81S","ARME",25,1,"C","S","HP","LMR",2019-08-09,"0","0","0","NA",0,0,NA
81,"81C","ARME",25,1,"C","C","LMR","EL",2019-06-25,"0","NA","NA","1",0,0,NA
82,"82S","ARME",26,1,"C","S","HP","LMR",2019-08-09,"0","0","0","NA",0,0,NA
82,"82C","ARME",26,1,"C","C","LMR","EL",2019-06-25,"0","NA","NA","1",0,0,NA
83,"83S","ARME",29,1,"C","S","HP","LMR",2019-08-09,"0","0","0","NA",0,0,NA
83,"83C","ARME",29,1,"C","C","LMR","EL",2019-06-25,"0","NA","NA","1",0,0,NA
84,"84S","ARME",30,1,"C","S","HP","LMR",2019-08-09,"0","0","0","NA",0,0,NA
84,"84C","ARME",30,1,"C","C","LMR","EL",2019-06-25,"0","NA","NA","1",0,0,NA
85,"85C","CEOL",1,2,"T","C","LMR","NA",NA,"NA","NA","NA","NA",4860,31.4444009559485,"disinigrated"
85,"85S","CEOL",1,1,"T","S","SF","LMR",2019-08-07,"1","2","1","NA",NA,0,NA
86,"86C","CEOL",2,1,"T","C","LMR","LMR",2019-08-15,"26","NA","NA","0.1",13613,88.0766728834005,NA
86,"86S","CEOL",2,1,"T","S","SF","LMR",2019-08-07,"1","0","2","NA",NA,100,NA
87,"87S","CEOL",3,1,"T","S","SF","LMR",2019-08-07,"1","0","2","NA",4517,29.225176773255,NA
87,"87C","CEOL",3,1,"T","C","LMR","SF",2019-06-15,"1","NA","NA","1",4325,27.9829288342545,NA
88,"88S","CEOL",4,1,"T","S","SF","LMR",2019-08-07,"0","0","1","NA",11731,75.9000550646567,NA
88,"88C","CEOL",4,1,"T","C","LMR","SF",2019-06-15,"100","NA","NA","0.1",14217,91.9845778581727,NA
89,"89C","CEOL",5,1,"T","C","LMR","SF",2019-06-15,"180","NA","NA","1",12478,80.7331759523302,NA
89,"89S","CEOL",5,1,"T","S","SF","LMR",2019-08-07,"0","0","0","NA",NA,100,NA
90,"90S","CEOL",6,1,"T","S","SF","LMR",2019-08-07,"1","0","1","NA",NA,100,NA
90,"90C","CEOL",6,1,"T","C","LMR","SF",2019-06-15,"249","NA","NA","0.1",NA,100,NA
91,"91S","CEOL",7,1,"T","S","SF","LMR",2019-08-07,"1","1","0","NA",7949,51.4303586828877,NA
91,"91C","CEOL",7,1,"T","C","LMR","SF",2019-06-15,"20","NA","NA","1",4710,30.4738947536044,NA
92,"92C","CEOL",8,1,"T","C","LMR","SF",2019-06-15,"18","NA","NA","1",5028,32.5313679025738,NA
92,"92S","CEOL",8,1,"T","S","SF","LMR",2019-08-07,"1","3","0","NA",NA,100,NA
93,"93S","CEOL",9,1,"T","S","SF","LMR",2019-08-07,"0","0","0","NA",5401,34.9446933257361,NA
93,"93C","CEOL",9,1,"T","C","LMR","EL",2019-06-15,"184","NA","NA","0.1",13619,88.1154931314942,NA
94,"94S","CEOL",10,1,"T","S","SF","LMR",2019-08-07,"0","0","0","NA",NA,100,NA
94,"94C","CEOL",10,2,"T","C","LMR","EL",2019-06-15,"253","NA","NA","0.1",NA,100,NA
95,"95S","CEOL",11,1,"T","S","SF","LMR",2019-08-07,"1","0","0","NA",NA,100,NA
95,"95C","CEOL",11,1,"T","C","LMR","EL",2019-06-15,"186","NA","NA","0.05",NA,100,NA
96,"96S","CEOL",12,1,"T","S","SF","LMR",2019-08-07,"1","0","0","NA",13181,85.2816150206495,NA
96,"96C","CEOL",12,1,"T","C","LMR","EL",2019-06-15,"261","NA","NA","0.1",11946,77.2911139546832,NA
97,"97S","CEOL",13,1,"T","S","SF","LMR",2019-08-07,"1","0","0","NA",NA,100,NA
97,"97C","CEOL",13,1,"T","C","LMR","EL",2019-06-15,"33","NA","NA","0.1",NA,0,NA
98,"98S","CEOL",14,1,"T","S","SF","LMR",2019-08-07,"1","0","0","NA",5197,33.6248048905482,NA
98,"98C","CEOL",14,1,"T","C","LMR","EL",2019-06-15,"81","NA","NA","0.1",10957,70.8922430605612,NA
99,"99S","CEOL",15,1,"T","S","SF","LMR",2019-08-07,"1","0","1","NA",7378,47.7359650726312,NA
99,"99C","CEOL",15,1,"T","C","LMR","LMR",2019-06-01,"115","NA","NA","2.5000000000000001E-2",NA,100,NA
100,"100S","CEOL",16,1,"T","S","SF","LMR",2019-08-07,"1","0","2","NA",4775,30.8944474412868,NA
100,"100C","CEOL",16,1,"T","C","LMR","EL",2019-06-15,"74","NA","NA","0.1",2179,14.0982200993851,NA
101,"101S","CEOL",17,1,"T","S","SF","LMR",2019-08-07,"1","0","0","NA",NA,100,NA
101,"101C","CEOL",17,1,"T","C","LMR","EL",2019-06-15,"19","NA","NA","0.1",NA,100,NA
102,"102C","CEOL",18,1,"T","C","LMR","SF",2019-06-15,"31","NA","NA","0.1",13448,87.009116060822,NA
102,"102S","CEOL",18,1,"T","S","SF","LMR",2019-08-07,"1","0","0","NA",NA,100,NA
103,"103S","CEOL",19,1,"T","S","SF","LMR",2019-08-07,"0","0","0","NA",12775,82.6547782329715,NA
103,"103C","CEOL",19,1,"T","C","LMR","SF",2019-06-15,"301","NA","NA","0.1",3503,22.6645548454089,"drop fell to side"
104,"104S","CEOL",20,1,"T","S","SF","LMR",2019-08-07,"1","2","1","NA",NA,100,NA
104,"104C","CEOL",20,1,"T","C","LMR","LMR",2019-06-01,"65","NA","NA","2.5000000000000001E-2",NA,100,NA
105,"105S","CEOL",21,1,"T","S","SF","LMR",2019-08-07,"1","0","0","NA",NA,100,NA
105,"105C","CEOL",21,1,"T","C","LMR","SF",2019-06-15,"216","NA","NA","0.1",NA,100,NA
106,"106S","CEOL",22,1,"T","S","SF","LMR",2019-08-07,"0","0","1","NA",10932,70.7304920268372,NA
106,"106C","CEOL",22,1,"T","C","LMR","SF",2019-06-15,"18","NA","NA","1",3268,21.1440951284032,"drop fell to side"
107,"107S","CEOL",23,1,"T","S","SF","LMR",2019-08-07,"0","0","0","NA",NA,100,NA
107,"107C","CEOL",23,1,"T","C","LMR","LMR",2019-06-01,"150","NA","NA","0.05",NA,100,NA
108,"108S","CEOL",24,1,"T","S","SF","LMR",2019-08-07,"1","0","3","NA",12328,79.7626697499861,NA
108,"108C","CEOL",24,1,"T","C","LMR","SF",2019-06-15,"117","NA","NA","0.1",NA,100,NA
109,"109S","CEOL",25,1,"T","S","SF","LMR",2019-08-07,"1","1","1","NA",NA,100,NA
109,"109C","CEOL",25,1,"T","C","LMR","SF",2019-06-15,"242","NA","NA","0.05",NA,100,NA
110,"110S","CEOL",26,1,"T","S","SF","LMR",2019-08-07,"1","1","0","NA",NA,100,NA
110,"110C","CEOL",26,1,"T","C","LMR","SF",2019-06-15,"141","NA","NA","0.05",NA,100,NA
111,"111S","CEOL",27,1,"T","S","SF","LMR",2019-08-07,"0","0","1","NA",9442,61.0901304168859,NA
111,"111C","CEOL",27,1,"T","C","LMR","SF",2019-06-15,"55","NA","NA","0.1",9460,61.2065911611672,NA
112,"112S","CEOL",28,1,"T","S","SF","LMR",2019-08-07,"1","1","0","NA",NA,100,NA
112,"112C","CEOL",28,1,"T","C","LMR","EL",2019-06-15,"230","NA","NA","0.05",NA,100,NA
113,"113S","CEOL",29,1,"T","S","SF","LMR",2019-08-07,"3","3","2","NA",NA,100,NA
113,"113C","CEOL",29,1,"T","C","LMR","EL",2019-06-15,"108","NA","NA","0.1",NA,100,NA
114,"114S","CEOL",30,1,"T","S","SF","LMR",2019-08-07,"1","0","2","NA",NA,100,NA
114,"114C","CEOL",30,1,"T","C","LMR","EL",2019-06-15,"62","NA","NA","0.1",NA,100,NA
115,"115S","CEOL",31,1,"T","S","SF","LMR",2019-08-07,"7","7","5","NA",NA,100,NA
115,"115C","CEOL",31,1,"T","C","LMR","EL",2019-06-15,"113","NA","NA","0.05",NA,100,NA
116,"116S","CEOL",32,1,"T","S","SF","LMR",2019-08-07,"10","8","9","NA",8512,55.0729919623525,NA
116,"116C","CEOL",32,1,"T","C","LMR","EL",2019-06-15,"72","NA","NA","0.1",13638,88.2384239171245,NA
117,"117S","CEOL",1,3,"C","S","EJH","LMR",2019-08-09,"0","0","0","NA",0,0,"no drop"
117,"117C","CEOL",1,4,"C","C","LMR","EL",2019-06-15,"4","NA","NA","0.1",0,0,NA
118,"118S","CEOL",2,1,"C","S","EJH","LMR",2019-08-09,"0","0","0","NA",0,0,NA
118,"118C","CEOL",2,1,"C","C","LMR","EL",2019-06-15,"0","NA","NA","1",0,0,NA
119,"119S","CEOL",9,1,"C","S","EJH","LMR",2019-08-09,"0","0","0","NA",0,0,NA
119,"119C","CEOL",9,1,"C","C","LMR","EL",2019-06-15,"0","NA","NA","0.1",0,0,NA
120,"120S","CEOL",10,1,"C","S","EJH","LMR",2019-08-09,"0","0","0","NA",0,0,NA
120,"120C","CEOL",10,2,"C","C","LMR","EL",2019-06-15,"0","NA","NA","0.1",0,0,NA
121,"121S","CEOL",17,1,"C","S","EJH","LMR",2019-08-09,"0","0","0","NA",0,0,"no drop"
121,"121C","CEOL",17,1,"C","C","LMR","EL",2019-06-15,"0","NA","NA","0.1",0,0,"no drop"
122,"122S","CEOL",18,1,"C","S","EJH","LMR",2019-08-09,"0","0","0","NA",0,0,NA
122,"122C","CEOL",18,1,"C","C","LMR","EL",2019-06-15,"0","NA","NA","0.1",0,0,NA
123,"123S","CEOL",25,1,"C","S","EJH","LMR",2019-08-09,"0","0","0","NA",0,0,NA
123,"123C","CEOL",25,1,"C","C","LMR","EL",2019-06-15,"1","NA","NA","0.1",0,0,NA
124,"124S","CEOL",26,1,"C","S","EJH","LMR",2019-08-09,"0","0","0","NA",0,0,NA
124,"124C","CEOL",26,1,"C","C","LMR","EL",2019-06-15,"2","NA","NA","0.1",0,0,NA
125,"125S","CEOL",29,1,"C","S","EJH","LMR",2019-08-09,"0","0","0","NA",0,0,"no drop, still wet"
125,"125C","CEOL",29,1,"C","C","LMR","EL",2019-06-15,"0","NA","NA","0.1",0,0,NA
126,"126S","CEOL",30,1,"C","S","EJH","LMR",2019-08-09,"0","0","0","NA",0,0,NA
126,"126C","CEOL",30,1,"C","C","LMR","EL",2019-06-15,"0","NA","NA","0.1",0,0,NA
127,"127S","HEAR",1,1,"T","S","LMR","LMR",2019-08-06,"0","1","1","NA",5079,34.007,"older leaf with some spots"
127,"127C","HEAR",1,1,"T","C","LMR","SF",2019-08-02,"0","NA","NA","1",5100,32.199,"older leaf with some spots"
128,"128S","HEAR",2,1,"T","S","LMR","LMR",2019-08-06,"0","0","1","NA",13116,86.38,NA
128,"128C","HEAR",2,1,"T","C","LMR","SF",2019-08-02,"0","NA","NA","1",7035,46.332,NA
129,"129S","HEAR",3,1,"T","S","LMR","LMR",2019-08-06,"2","0","1","NA",7558,49.116,NA
129,"129C","HEAR",3,1,"T","C","LMR","SF",2019-08-02,"0","NA","NA","1",4941,32.109,NA
130,"130S","HEAR",4,1,"T","S","LMR","LMR",2019-08-06,"0","0","0","NA",NA,0,NA
130,"130C","HEAR",4,1,"T","C","LMR","SF",2019-08-02,"0","NA","NA","1",8029,52.92,NA
131,"131S","HEAR",5,1,"T","S","LMR","LMR",2019-08-06,"1","2","1","NA",3257,21.01,"older leaf with some spots"
131,"131C","HEAR",5,1,"T","C","LMR","SF",2019-08-02,"0","NA","NA","1",0,0,"older leaf with some spots"
132,"132S","HEAR",6,1,"T","S","LMR","LMR",2019-08-06,"0","1","0","NA",1627,12.106,NA
132,"132C","HEAR",6,1,"T","C","LMR","SF",2019-08-02,"0","NA","NA","1",7457,52.492,NA
133,"133S","HEAR",7,1,"T","S","LMR","LMR",2019-08-06,"2","1","0","NA",9616,68.262,"nice new adult leaf"
133,"133C","HEAR",7,1,"T","C","LMR","SF",2019-08-06,"0","NA","NA","1",5315,38.526,"nice new adult leaf"
134,"134S","HEAR",8,1,"T","S","LMR","LMR",2019-08-06,"0","1","1","NA",6534,45.995,NA
134,"134C","HEAR",8,1,"T","C","LMR","SF",2019-08-06,"0","NA","NA","1",8824,62.115,NA
135,"135S","HEAR",9,1,"T","S","LMR","LMR",2019-08-06,"0","0","1","NA",2863,19.575,"older lvs"
135,"135C","HEAR",9,2,"T","C","LMR","SF",2019-08-06,"0","NA","NA","1",5707,39.02,"older lvs"
136,"136S","HEAR",10,1,"T","S","LMR","LMR",2019-08-06,"1","1","1","NA",13283,83.289,NA
136,"136C","HEAR",10,1,"T","C","LMR","SF",2019-08-09,"0","NA","NA","1",8477,53.154,NA
137,"137S","HEAR",11,1,"T","S","LMR","LMR",2019-08-06,"1","1","2","NA",8047,49.814,NA
137,"137C","HEAR",11,1,"T","C","LMR","SF",2019-08-09,"0","NA","NA","1",5956,39.802,NA
138,"138S","HEAR",12,1,"T","S","LMR","LMR",2019-08-06,"0","3","1","NA",NA,0,NA
138,"138C","HEAR",12,1,"T","C","LMR","SF",2019-08-09,"0","NA","NA","1",3634,26.172,NA
139,"139S","HEAR",13,1,"T","S","LMR","LMR",2019-08-06,"2","0","1","NA",5566,36.379,"older lvs"
139,"139C","HEAR",13,1,"T","C","LMR","SF",2019-08-09,"0","NA","NA","1",0,0,"older lvs"
140,"140S","HEAR",14,1,"T","S","LMR","LMR",2019-08-06,"0","0","0","NA",4586,29.974,NA
140,"140C","HEAR",14,1,"T","C","LMR","SF",2019-08-09,"0","NA","NA","1",4230,27.647,NA
141,"141S","HEAR",15,1,"T","S","LMR","LMR",2019-08-06,"0","0","0","NA",1741,11.379,NA
141,"141C","HEAR",15,1,"T","C","LMR","SF",2019-08-09,"0","NA","NA","1",0,0,NA
142,"142S","HEAR",16,1,"T","S","LMR","LMR",2019-08-06,"0","1","1","NA",2581,16.869,NA
142,"142C","HEAR",16,1,"T","C","LMR","SF",2019-08-09,"0","NA","NA","1",4235,27.68,NA
143,"143S","HEAR",17,1,"T","S","LMR","LMR",2019-08-06,"1","1","4","NA",6491,44.976,NA
143,"143C","HEAR",17,1,"T","C","LMR","SF",2019-08-09,"0","NA","NA","1",2237,15.5,NA
144,"144S","HEAR",18,1,"T","S","LMR","LMR",2019-08-06,"1","0","1","NA",2908,23.145,NA
144,"144C","HEAR",18,1,"T","C","LMR","SF",2019-08-09,"0","NA","NA","1",5089,37.485,NA
145,"145S","HEAR",19,1,"T","S","LMR","LMR",2019-08-06,"0","2","1","NA",1,5,NA
145,"145C","HEAR",19,1,"T","C","LMR","SF",2019-08-09,"0","NA","NA","1",1,0,NA
146,"146S","HEAR",20,1,"T","S","LMR","LMR",2019-08-06,"0","0","0","NA",5368,35.63,"older lvs"
146,"146C","HEAR",20,1,"T","C","LMR","SF",2019-08-09,"0","NA","NA","1",3879,25.747,"older lvs"
147,"147S","HEAR",21,1,"T","S","LMR","LMR",2019-08-06,"1","1","0","NA",6616,44.546,NA
147,"147C","HEAR",21,1,"T","C","LMR","SF",2019-08-09,"0","NA","NA","1",5756,38.756,NA
148,"148S","HEAR",22,1,"T","S","LMR","LMR",2019-08-06,"0","0","1","NA",4383,29.511,NA
148,"148C","HEAR",22,1,"T","C","LMR","SF",2019-08-09,"0","NA","NA","1",3475,23.398,NA
149,"149S","HEAR",23,1,"T","S","LMR","LMR",2019-08-06,"0","0","0","NA",5510,37.099,NA
149,"149C","HEAR",23,1,"T","C","LMR","SF",2019-08-09,"0","NA","NA","1",4106,27.646,NA
150,"150S","HEAR",24,1,"T","S","LMR","LMR",2019-08-06,"2","0","2","NA",1,0,NA
150,"150C","HEAR",24,1,"T","C","LMR","SF",2019-08-09,"0","NA","NA","1",3409,23.987,NA
151,"151S","HEAR",25,1,"T","S","LMR","LMR",2019-08-06,"2","1","3","NA",3030,20.618,"drop dry, but lesions present. Lid still wet"
151,"151C","HEAR",25,1,"T","C","LMR","SF",2019-08-09,"0","NA","NA","1",456,2.963,"drop dry, but lesions present. Lid still wet"
152,"152S","HEAR",26,1,"T","S","LMR","LMR",2019-08-06,"0","0","1","NA",4651,30.225,"drop dry, but lesions present. Lid still wet"
152,"152C","HEAR",26,1,"T","C","LMR","SF",2019-08-09,"0","NA","NA","1",2974,19.327,"drop dry, but lesions present. Lid still wet"
153,"153S","HEAR",27,1,"T","S","LMR","LMR",2019-08-06,"0","1","0","NA",3525,20.523,"drop dry, but lesions present. Lid still wet"
153,"153C","HEAR",27,1,"T","C","LMR","SF",2019-08-09,"0","NA","NA","1",3631,22.298,"drop dry, but lesions present. Lid still wet"
154,"154S","HEAR",28,1,"T","S","LMR","LMR",2019-08-06,"1","4","0","NA",5363,31.636,"drop dry, but lesions present. Lid still wet"
154,"154C","HEAR",28,1,"T","C","LMR","SF",2019-08-09,"0","NA","NA","1",4934,29.106,"drop dry, but lesions present. Lid still wet"
155,"155S","HEAR",29,1,"T","S","LMR","LMR",2019-08-06,"1","1","1","NA",5750,41.367,NA
155,"155C","HEAR",29,1,"T","C","LMR","SF",2019-08-09,"0","NA","NA","1",4636,33.353,NA
156,"156S","HEAR",30,1,"T","S","LMR","LMR",2019-08-06,"0","1","1","NA",4259,30.64,NA
156,"156C","HEAR",30,1,"T","C","LMR","SF",2019-08-09,"0","NA","NA","1",3193,22.971,NA
157,"157S","HEAR",31,1,"T","S","LMR","LMR",2019-08-06,"0","0","0","NA",5930,42.662,NA
157,"157C","HEAR",31,1,"T","C","LMR","SF",2019-08-09,"0","NA","NA","1",6022,43.324,NA
158,"158S","HEAR",32,1,"T","S","LMR","LMR",2019-08-06,"0","0","0","NA",11749,84.525,NA
158,"158C","HEAR",32,1,"T","C","LMR","SF",2019-08-09,"0","NA","NA","1",8589,61.791,NA
159,"159S","HEAR",1,1,"C","S","HP","LMR",2019-08-09,"0","0","0","NA",0,0,"older leaf with some spots"
159,"159C","HEAR",1,1,"C","C","LMR","SF",2019-08-09,"0","NA","NA","1",0,0,"older leaf with some spots"
160,"160S","HEAR",2,1,"C","S","HP","LMR",2019-08-09,"0","0","0","NA",0,0,NA
160,"160C","HEAR",2,1,"C","C","LMR","SF",2019-08-09,"0","NA","NA","1",0,0,NA
161,"161C","HEAR",9,2,"C","C","LMR","SF",2019-08-09,"0","NA","NA","1",0,0,"older lvs"
161,"161S","HEAR",9,1,"C","S","HP","LMR",2019-08-09,"0","0","0","NA",17,0.096,"older lvs"
162,"162S","HEAR",10,1,"C","S","HP","LMR",2019-08-09,"0","0","0","NA",0,0,NA
162,"162C","HEAR",10,1,"C","C","LMR","SF",2019-08-09,"0","NA","NA","1",0,0,NA
163,"163S","HEAR",17,1,"C","S","HP","LMR",2019-08-09,"0","0","0","NA",0,0,NA
163,"163C","HEAR",17,1,"C","C","LMR","SF",2019-08-09,"0","NA","NA","1",0,0,NA
164,"164S","HEAR",18,1,"C","S","HP","LMR",2019-08-09,"0","0","0","NA",0,0,NA
164,"164C","HEAR",18,1,"C","C","LMR","SF",2019-08-09,"0","NA","NA","1",0,0,NA
165,"165S","HEAR",25,1,"C","S","HP","LMR",2019-08-09,"0","0","0","NA",0,0,NA
165,"165C","HEAR",25,1,"C","C","LMR","SF",2019-08-09,"0","NA","NA","1",0,0,NA
166,"166C","HEAR",26,1,"C","C","LMR","SF",2019-08-09,"0","NA","NA","1",0,0,NA
166,"166S","HEAR",26,1,"C","S","HP","LMR",2019-08-09,"0","0","0","NA",70,0.441,NA
167,"167S","HEAR",29,1,"C","S","HP","LMR",2019-08-09,"0","0","0","NA",0,0,NA
167,"167C","HEAR",29,1,"C","C","LMR","SF",2019-08-09,"0","NA","NA","1",0,0,NA
168,"168S","HEAR",30,1,"C","S","HP","LMR",2019-08-09,"0","0","0","NA",0,0,NA
168,"168C","HEAR",30,1,"C","C","LMR","SF",2019-08-09,"0","NA","NA","1",0,0,NA
169,"169S","LIDE",1,1,"T","S","LMR","LMR",2019-08-01,"2","6","1","NA",2271,13.551,NA
169,"169C","LIDE",1,1,"T","C","LMR","EL",2019-07-16,"0","NA","NA","1",2141,12.371,NA
170,"170S","LIDE",2,1,"T","S","LMR","LMR",2019-08-01,"5","4","3","NA",833,4.813,"no drop"
170,"170C","LIDE",2,1,"T","C","LMR","EL",2019-07-16,"0","NA","NA","1",1065,6.154,NA
171,"171S","LIDE",3,1,"T","S","LMR","LMR",2019-08-01,"10","17","17","NA",1738,10.043,NA
171,"171C","LIDE",3,1,"T","C","LMR","EL",2019-07-16,"0","NA","NA","1",475,2.745,NA
172,"172S","LIDE",4,1,"T","S","LMR","LMR",2019-08-01,"7","11","1","NA",140,0.809,"no drop"
172,"172C","LIDE",4,1,"T","C","LMR","EL",2019-07-16,"0","NA","NA","1",50,0.289,"no drop"
173,"173S","LIDE",5,1,"T","S","LMR","LMR",2019-08-01,"3","1","0","NA",402,2.452,NA
173,"173C","LIDE",5,1,"T","C","LMR","EL",2019-07-17,"0","NA","NA","1",1446,8.82,NA
174,"174S","LIDE",6,1,"T","S","LMR","LMR",2019-08-01,"20","16","19","NA",119,0.726,NA
174,"174C","LIDE",6,1,"T","C","LMR","EL",2019-07-17,"0","NA","NA","1",547,3.337,NA
175,"175S","LIDE",7,1,"T","S","LMR","LMR",2019-08-01,"5","6","9","NA",2327,14.194,NA
175,"175C","LIDE",7,1,"T","C","LMR","EL",2019-07-19,"0","NA","NA","1",1826,11.138,NA
176,"176S","LIDE",8,1,"T","S","LMR","LMR",2019-08-01,"23","27","26","NA",1435,8.753,NA
176,"176C","LIDE",8,1,"T","C","LMR","EL",2019-07-19,"0","NA","NA","1",349,2.129,NA
177,"177S","LIDE",9,1,"T","S","LMR","LMR",2019-08-01,"1","6","7","NA",263,1.594,NA
177,"177C","LIDE",9,1,"T","C","LMR","SF",2019-07-24,"0","NA","NA","1",656,3.975,NA
178,"178S","LIDE",10,1,"T","S","LMR","LMR",2019-08-01,"18","21","18","NA",2130,12.906,NA
178,"178C","LIDE",10,1,"T","C","LMR","SF",2019-07-24,"0","NA","NA","1",2044,12.385,NA
179,"179S","LIDE",11,1,"T","S","LMR","LMR",2019-08-01,"4","4","5","NA",668,4.048,NA
179,"179C","LIDE",11,1,"T","C","LMR","SF",2019-07-24,"0","NA","NA","1",64,0.388,NA
180,"180S","LIDE",12,1,"T","S","LMR","LMR",2019-08-01,"12","12","11","NA",1863,11.288,NA
180,"180C","LIDE",12,1,"T","C","LMR","SF",2019-07-24,"0","NA","NA","1",656,3.975,"no drop"
181,"181S","LIDE",13,1,"T","S","LMR","LMR",2019-08-01,"6","10","9","NA",1595,10.214,NA
181,"181C","LIDE",13,1,"T","C","LMR","SF",2019-07-24,"0","NA","NA","1",1344,8.607,NA
182,"182S","LIDE",14,1,"T","S","LMR","LMR",2019-08-01,"10","9","12","NA",1592,10.195,NA
182,"182C","LIDE",14,1,"T","C","LMR","SF",2019-07-24,"0","NA","NA","1",1515,9.702,NA
183,"183S","LIDE",15,1,"T","S","LMR","LMR",2019-08-01,"2","2","2","NA",392,0,NA
183,"183C","LIDE",15,1,"T","C","LMR","SF",2019-07-24,"0","NA","NA","1",1531,9.804,NA
184,"184S","LIDE",16,1,"T","S","LMR","LMR",2019-08-01,"6","2","8","NA",2430,15.561,NA
184,"184C","LIDE",16,1,"T","C","LMR","SF",2019-07-24,"20","NA","NA","1",2230,14.28,NA
185,"185S","LIDE",17,1,"T","S","LMR","LMR",2019-08-01,"5","4","3","NA",1651,9.157,NA
185,"185C","LIDE",17,1,"T","C","LMR","SF",2019-07-24,"0","NA","NA","1",2595,13.759,NA
186,"186S","LIDE",18,1,"T","S","LMR","LMR",2019-08-01,"6","3","5","NA",1607,8.913,NA
186,"186C","LIDE",18,1,"T","C","LMR","SF",2019-07-25,"0","NA","NA","1",1668,9.251,NA
187,"187S","LIDE",19,1,"T","S","LMR","LMR",2019-08-01,"3","2","3","NA",1350,7.488,NA
187,"187C","LIDE",19,1,"T","C","LMR","SF",2019-07-25,"12","NA","NA","1",666,3.694,NA
188,"188S","LIDE",20,1,"T","S","LMR","LMR",2019-08-01,"2","3","2","NA",1462,9.22,NA
188,"188C","LIDE",20,1,"T","C","LMR","SF",2019-07-25,"6","NA","NA","1",1494,8.856,NA
189,"189S","LIDE",21,1,"T","S","LMR","LMR",2019-08-01,"34","22","19","NA",1616,9.792,"discs on top of each other"
189,"189C","LIDE",21,1,"T","C","LMR","SF",2019-07-25,"0","NA","NA","1",266,1.612,"discs on top of each other"
190,"190S","LIDE",22,1,"T","S","LMR","LMR",2019-08-01,"8","7","4","NA",1762,10.676,NA
190,"190C","LIDE",22,1,"T","C","LMR","SF",2019-07-25,"0","NA","NA","1",1361,8.246,NA
191,"191S","LIDE",23,1,"T","S","LMR","LMR",2019-08-01,"3","4","3","NA",1249,7.568,NA
191,"191C","LIDE",23,1,"T","C","LMR","SF",2019-07-25,"0","NA","NA","1",458,2.775,NA
192,"192S","LIDE",24,1,"T","S","LMR","LMR",2019-08-01,"4","4","8","NA",978,5.926,NA
192,"192C","LIDE",24,1,"T","C","LMR","SF",2019-07-25,"0","NA","NA","1",1375,8.331,NA
193,"193S","LIDE",25,1,"T","S","LMR","LMR",2019-08-01,"17","18","18","NA",1860,11.181,NA
193,"193C","LIDE",25,1,"T","C","LMR","SF",2019-07-25,"84","NA","NA","1",1735,10.429,NA
194,"194S","LIDE",26,1,"T","S","LMR","LMR",2019-08-01,"20","20","18","NA",1596,9.594,NA
194,"194C","LIDE",26,1,"T","C","LMR","SF",2019-07-25,"24","NA","NA","1",1822,10.952,NA
195,"195S","LIDE",27,1,"T","S","LMR","LMR",2019-08-01,"0","1","0","NA",0,0,NA
195,"195C","LIDE",27,1,"T","C","LMR","SF",2019-07-25,"2","NA","NA","1",1613,9.696,NA
196,"196S","LIDE",28,1,"T","S","LMR","LMR",2019-08-01,"10","12","10","NA",1707,10.261,NA
196,"196C","LIDE",28,1,"T","C","LMR","SF",2019-07-26,"0","NA","NA","1",0,0,NA
197,"197S","LIDE",29,1,"T","S","LMR","LMR",2019-08-01,"12","6","8","NA",418,2.548,NA
197,"197C","LIDE",29,1,"T","C","LMR","SF",2019-07-26,"0","NA","NA","1",404,2.463,NA
198,"198S","LIDE",30,1,"T","S","LMR","LMR",2019-08-01,"12","8","12","NA",1995,12.162,NA
198,"198C","LIDE",30,1,"T","C","LMR","SF",2019-07-26,"0","NA","NA","1",2181,13.296,NA
199,"199S","LIDE",31,1,"T","S","LMR","LMR",2019-08-01,"2","6","0","NA",315,1.92,NA
199,"199C","LIDE",31,1,"T","C","LMR","SF",2019-07-26,"0","NA","NA","1",253,1.542,NA
200,"200S","LIDE",32,1,"T","S","LMR","LMR",2019-08-01,"10","14","10","NA",1993,12.149,NA
200,"200C","LIDE",32,1,"T","C","LMR","SF",2019-07-26,"6","NA","NA","1",1705,10.394,NA
201,"201S","LIDE",1,1,"C","S","EJH","LMR",2019-08-08,"0","0","0","NA",19,0.115,NA
201,"201C","LIDE",1,1,"C","C","LMR","SF",2019-07-26,"0","NA","NA","1",23,0.139,NA
202,"202S","LIDE",2,1,"C","S","EJH","LMR",2019-08-08,"0","0","0","NA",284,1.721,"dry"
202,"202C","LIDE",2,1,"C","C","LMR","SF",2019-07-26,"0","NA","NA","1",22,0.124,NA
203,"203S","LIDE",3,1,"C","S","EJH","LMR",2019-08-08,"0","0","0","NA",259,1.464,NA
203,"203C","LIDE",3,1,"C","C","LMR","SF",2019-07-26,"0","NA","NA","1",39,0.22,NA
204,"204S","LIDE",4,1,"C","S","EJH","LMR",2019-08-08,"0","0","0","NA",393,2.221,NA
204,"204C","LIDE",4,1,"C","C","LMR","SF",2019-07-26,"0","NA","NA","1",7,0.04,"dry"
205,"205S","LIDE",5,1,"C","S","EJH","LMR",2019-08-08,"0","0","0","NA",231,1.448,NA
205,"205C","LIDE",5,1,"C","C","LMR","SF",2019-07-26,"0","NA","NA","1",63,0.395,NA
206,"206S","LIDE",6,1,"C","S","EJH","LMR",2019-08-08,"0","0","0","NA",20,0.125,NA
206,"206C","LIDE",6,1,"C","C","LMR","SF",2019-07-26,"0","NA","NA","1",79,0.495,"dry"
207,"207S","LIDE",7,1,"C","S","EJH","LMR",2019-08-08,"0","0","0","NA",78,0.489,NA
207,"207C","LIDE",7,1,"C","C","LMR","SF",2019-07-26,"0","NA","NA","1",18,0.113,NA
208,"208S","LIDE",8,1,"C","S","EJH","LMR",2019-08-08,"0","0","0","NA",47,0.312,"dry"
208,"208C","LIDE",8,1,"C","C","LMR","SF",2019-07-26,"0","NA","NA","1",18,0.119,NA
209,"209S","LIDE",9,1,"C","S","EJH","LMR",2019-08-08,"0","0","0","NA",0,0,NA
209,"209C","LIDE",9,1,"C","C","LMR","SF",2019-07-26,"0","NA","NA","1",0,0,NA
210,"210S","LIDE",10,1,"C","S","EJH","LMR",2019-08-08,"0","0","0","NA",0,0,NA
210,"210C","LIDE",10,1,"C","C","LMR","SF",2019-07-26,"0","NA","NA","1",0,0,NA
211,"211S","LIDE",11,1,"C","S","EJH","LMR",2019-08-08,"0","0","0","NA",0,0,NA
211,"211C","LIDE",11,1,"C","C","LMR","EL",2019-07-31,"0","NA","NA","1",0,0,NA
212,"212S","LIDE",12,1,"C","S","EJH","LMR",2019-08-08,"0","0","0","NA",0,0,NA
212,"212C","LIDE",12,1,"C","C","LMR","EL",2019-07-31,"0","NA","NA","1",0,0,"dry"
213,"213S","LIDE",13,1,"C","S","EJH","LMR",2019-08-08,"0","0","0","NA",0,0,NA
213,"213C","LIDE",13,1,"C","C","LMR","SF",2019-07-31,"0","NA","NA","1",0,0,NA
214,"214S","LIDE",14,1,"C","S","EJH","LMR",2019-08-08,"0","0","0","NA",0,0,"dry"
214,"214C","LIDE",14,1,"C","C","LMR","SF",2019-07-31,"0","NA","NA","1",0,0,NA
215,"215S","LIDE",15,1,"C","S","EJH","LMR",2019-08-08,"0","0","0","NA",0,0,NA
215,"215C","LIDE",15,1,"C","C","LMR","SF",2019-07-31,"0","NA","NA","1",0,0,NA
216,"216S","LIDE",16,1,"C","S","EJH","LMR",2019-08-08,"0","0","0","NA",0,0,NA
216,"216C","LIDE",16,1,"C","C","LMR","SF",2019-07-31,"0","NA","NA","1",0,0,NA
217,"217S","LIDE",17,1,"C","S","EJH","LMR",2019-08-08,"0","0","0","NA",17,0.104,NA
217,"217C","LIDE",17,1,"C","C","LMR","SF",2019-07-31,"0","NA","NA","1",73,0.448,NA
218,"218S","LIDE",18,1,"C","S","EJH","LMR",2019-08-08,"0","0","0","NA",17,0.104,NA
218,"218C","LIDE",18,1,"C","C","LMR","SF",2019-07-31,"0","NA","NA","1",10,0.061,NA
219,"219S","LIDE",19,1,"C","S","EJH","LMR",2019-08-08,"0","0","0","NA",26,0.16,NA
219,"219C","LIDE",19,1,"C","C","LMR","SF",2019-07-31,"0","NA","NA","1",50,0.307,NA
220,"220S","LIDE",20,1,"C","S","EJH","LMR",2019-08-08,"0","0","0","NA",3,0.018,"bifucated spore that looked like a sporangia. Counted 11times. Not it"
220,"220C","LIDE",20,1,"C","C","LMR","SF",2019-07-31,"0","NA","NA","1",3,0.018,"dry"
221,"221S","LIDE",21,1,"C","S","EJH","LMR",2019-08-08,"0","0","0","NA",0,0,NA
221,"221C","LIDE",21,1,"C","C","LMR","SF",2019-07-31,"0","NA","NA","1",0,0,NA
222,"222S","LIDE",22,1,"C","S","EJH","LMR",2019-08-08,"0","0","0","NA",0,0,NA
222,"222C","LIDE",22,1,"C","C","LMR","SF",2019-07-31,"0","NA","NA","1",0,0,NA
223,"223S","LIDE",23,1,"C","S","EJH","LMR",2019-08-08,"0","0","0","NA",0,0,NA
223,"223C","LIDE",23,1,"C","C","LMR","SF",2019-07-31,"0","NA","NA","1",0,0,NA
224,"224S","LIDE",24,1,"C","S","EJH","LMR",2019-08-08,"0","0","0","NA",0,0,NA
224,"224C","LIDE",24,1,"C","C","LMR","SF",2019-07-31,"0","NA","NA","1",0,0,NA
225,"225S","LIDE",25,1,"C","S","HP","LMR",2019-08-08,"0","0","0","NA",0,0,NA
225,"225C","LIDE",25,1,"C","C","LMR","SF",2019-08-02,"0","NA","NA","1",0,0,NA
226,"226S","LIDE",26,1,"C","S","HP","LMR",2019-08-08,"0","0","0","NA",1103,7.13645560790353,NA
226,"226C","LIDE",26,1,"C","C","LMR","SF",2019-08-02,"0","NA","NA","1",0,0,NA
227,"227S","LIDE",27,1,"C","S","HP","LMR",2019-08-08,"0","0","0","NA",0,0,NA
227,"227C","LIDE",27,1,"C","C","LMR","SF",2019-08-02,"0","NA","NA","1",0,0,NA
228,"228S","LIDE",28,1,"C","S","HP","LMR",2019-08-08,"0","0","0","NA",0,0,"dry"
228,"228C","LIDE",28,1,"C","C","LMR","SF",2019-08-02,"0","NA","NA","1",0,0,NA
229,"229S","LIDE",29,1,"C","S","HP","LMR",2019-08-08,"0","0","0","NA",0,0,NA
229,"229C","LIDE",29,1,"C","C","LMR","SF",2019-08-02,"0","NA","NA","1",0,0,NA
230,"230S","LIDE",30,1,"C","S","HP","LMR",2019-08-08,"0","0","0","NA",0,0,NA
230,"230C","LIDE",30,1,"C","C","LMR","SF",2019-08-02,"0","NA","NA","1",0,0,NA
231,"231S","LIDE",31,1,"C","S","HP","LMR",2019-08-08,"0","0","0","NA",0,0,NA
231,"231C","LIDE",31,1,"C","C","LMR","SF",2019-08-02,"0","NA","NA","1",0,0,NA
232,"232S","LIDE",32,1,"C","S","HP","LMR",2019-08-08,"0","0","0","NA",0,0,NA
232,"232C","LIDE",32,1,"C","C","LMR","SF",2019-08-02,"0","NA","NA","1",0,0,NA
233,"233S","QUAG",1,1,"T","S","LMR","LMR",2019-08-08,"1","0","0","NA",3127,20.2318192981998,"leave drier, still lesions"
234,"234S","QUAG",2,1,"T","S","LMR","LMR",2019-08-08,"0","0","0","NA",2361,15.2757676248959,"leave drier, still lesions"
235,"235S","QUAG",3,1,"T","S","LMR","LMR",2019-08-08,"2","1","0","NA",1768,11.4390331049623,"leave drier, still lesions"
236,"236S","QUAG",4,1,"T","S","LMR","LMR",2019-08-08,"2","1","1","NA",2672,17.2879504844227,"leave drier, still lesions"
237,"237S","QUAG",5,1,"T","S","LMR","LMR",2019-08-08,"2","1","0","NA",1362,8.13,NA
238,"238S","QUAG",6,1,"T","S","LMR","LMR",2019-08-08,"2","0","0","NA",6380,36.119,NA
239,"239S","QUAG",7,1,"T","S","LMR","LMR",2019-08-08,"3","1","2","NA",4241,24.009,NA
240,"240S","QUAG",8,1,"T","S","LMR","LMR",2019-08-08,"0","2","1","NA",2052,11.617,NA
241,"241S","QUAG",9,1,"T","S","LMR","LMR",2019-08-08,"1","1","1","NA",2005,12.328,NA
242,"242S","QUAG",10,1,"T","S","LMR","LMR",2019-08-08,"0","1","0","NA",4452,27.373,NA
243,"243S","QUAG",11,1,"T","S","LMR","LMR",2019-08-08,"2","0","0","NA",1822,8.423,NA
244,"244S","QUAG",12,1,"T","S","LMR","LMR",2019-08-08,"0","0","0","NA",5136,26.366,NA
245,"245S","QUAG",13,1,"T","S","LMR","LMR",2019-08-08,"1","0","0","NA",2071,10.641,NA
246,"246S","QUAG",14,1,"T","S","LMR","LMR",2019-08-08,"0","0","1","NA",1345,6.911,NA
247,"247S","QUAG",15,1,"T","S","LMR","LMR",2019-08-08,"1","1","4","NA",2154,11.068,NA
248,"248S","QUAG",16,1,"T","S","LMR","LMR",2019-08-08,"2","0","1","NA",2490,12.794,NA
249,"249S","QUAG",17,1,"T","S","LMR","LMR",2019-08-08,"6","6","2","NA",5152,33.3336530298449,"dry"
250,"250S","QUAG",18,1,"T","S","LMR","LMR",2019-08-08,"1","2","0","NA",5053,32.6931189362979,NA
251,"251S","QUAG",19,1,"T","S","LMR","LMR",2019-08-08,"13","4","6","NA",3017,19.5201147498141,"dry"
252,"252S","QUAG",20,1,"T","S","LMR","LMR",2019-08-08,"1","5","2","NA",13112,84.8351821675712,"dry"
253,"253S","QUAG",21,1,"T","S","LMR","LMR",2019-08-08,"1","0","1","NA",4852,31.3926406251568,"dry"
254,"254S","QUAG",22,1,"T","S","LMR","LMR",2019-08-08,"0","2","1","NA",2946,19.0607418140379,"dry"
255,"255S","QUAG",23,1,"T","S","LMR","LMR",2019-08-08,"0","0","0","NA",1636,9.199,NA
256,"256S","QUAG",24,1,"T","S","LMR","LMR",2019-08-08,"3","9","2","NA",2421,13.613,"dry"
257,"257S","QUAG",25,1,"T","S","LMR","LMR",2019-08-08,"0","0","0","NA",2527,16.3497944888234,"dry"
258,"258S","QUAG",26,1,"T","S","LMR","LMR",2019-08-08,"1","1","1","NA",1769,10.421,"dry"
259,"259S","QUAG",27,1,"T","S","LMR","LMR",2019-08-08,"5","8","4","NA",2564,13.441,NA
260,"260S","QUAG",28,1,"T","S","LMR","LMR",2019-08-08,"1","0","0","NA",738,3.869,NA
261,"261S","QUAG",29,1,"T","S","LMR","LMR",2019-08-08,"2","2","3","NA",2735,14.334,NA
262,"262S","QUAG",30,1,"T","S","LMR","LMR",2019-08-08,"2","0","0","NA",2481,13.484,NA
263,"263S","QUAG",31,1,"T","S","LMR","LMR",2019-08-08,"0","0","0","NA",497,2.701,"small lesions. Might not see on photo"
264,"264S","QUAG",32,1,"T","S","LMR","LMR",2019-08-08,"0","0","0","NA",2473,13.44,NA
265,"265S","QUAG",1,1,"C","S","EJH","LMR",2019-08-09,"0","0","0","NA",0,0,NA
266,"266S","QUAG",2,1,"C","S","EJH","LMR",NA,"NA","NA","NA","NA",0,0,NA
267,"267S","QUAG",3,1,"C","S","EJH","LMR",NA,"NA","NA","NA","NA",0,0,NA
268,"268S","QUAG",4,1,"C","S","EJH","LMR",2019-08-09,"0","0","0","NA",0,0,NA
269,"269S","QUAG",5,1,"C","S","EJH","LMR",NA,"NA","NA","NA","NA",0,0,NA
270,"270S","QUAG",6,1,"C","S","EJH","LMR",NA,"NA","NA","NA","NA",0,0,NA
271,"271S","QUAG",7,1,"C","S","EJH","LMR",NA,"NA","NA","NA","NA",0,0,NA
272,"272S","QUAG",8,1,"C","S","EJH","LMR",NA,"NA","NA","NA","NA",0,0,NA
273,"273S","QUAG",9,1,"C","S","EJH","LMR",2019-08-09,"0","0","0","NA",0,0,NA
274,"274S","QUAG",10,1,"C","S","EJH","LMR",NA,"NA","NA","NA","NA",0,0,"dry"
275,"275S","QUAG",11,1,"C","S","EJH","LMR",NA,"NA","NA","NA","NA",0,0,"dry"
276,"276S","QUAG",12,1,"C","S","EJH","LMR",2019-08-09,"0","0","0","NA",0,0,"dry"
277,"277S","QUAG",13,1,"C","S","EJH","LMR",NA,"NA","NA","NA","NA",0,0,NA
278,"278S","QUAG",14,1,"C","S","EJH","LMR",NA,"NA","NA","NA","NA",0,0,NA
279,"279S","QUAG",15,1,"C","S","EJH","LMR",2019-08-09,"0","0","0","NA",0,0,NA
280,"280S","QUAG",16,1,"C","S","EJH","LMR",NA,"NA","NA","NA","NA",0,0,NA
281,"281S","QUAG",17,1,"C","S","EJH","LMR",2019-08-09,"0","0","0","NA",0,0,NA
282,"282S","QUAG",18,1,"C","S","EJH","LMR",NA,"NA","NA","NA","NA",0,0,NA
283,"283S","QUAG",19,1,"C","S","EJH","LMR",NA,"NA","NA","NA","NA",0,0,NA
284,"284S","QUAG",20,1,"C","S","EJH","LMR",2019-08-09,"0","0","0","NA",0,0,NA
285,"285S","QUAG",21,1,"C","S","EJH","LMR",NA,"NA","NA","NA","NA",0,0,NA
286,"286S","QUAG",22,1,"C","S","EJH","LMR",NA,"NA","NA","NA","NA",0,0,NA
287,"287S","QUAG",23,1,"C","S","EJH","LMR",2019-08-09,"0","0","0","NA",0,0,NA
288,"288S","QUAG",24,1,"C","S","EJH","LMR",NA,"NA","NA","NA","NA",0,0,NA
289,"289S","QUAG",25,1,"C","S","EJH","LMR",2019-08-09,"0","0","0","NA",0,0,NA
290,"290S","QUAG",26,1,"C","S","EJH","LMR",NA,"NA","NA","NA","NA",0,0,NA
291,"291S","QUAG",27,1,"C","S","EJH","LMR",NA,"NA","NA","NA","NA",0,0,NA
292,"292S","QUAG",28,1,"C","S","EJH","LMR",2019-08-09,"0","0","0","NA",0,0,NA
293,"293S","QUAG",29,1,"C","S","EJH","LMR",NA,"NA","NA","NA","NA",0,0,"dry"
294,"294S","QUAG",30,1,"C","S","EJH","LMR",NA,"NA","NA","NA","NA",0,0,NA
295,"295S","QUAG",31,1,"C","S","EJH","LMR",NA,"NA","NA","NA","NA",0,0,"dry"
296,"296S","QUAG",32,1,"C","S","EJH","LMR",NA,"NA","NA","NA","NA",0,0,"dry"
297,"297S","QUCH",1,1,"T","S","LMR","LMR",2019-08-07,"0","0","0","NA",369,1.857,NA
298,"298S","QUCH",2,1,"T","S","LMR","LMR",2019-08-07,"1","1","0","NA",212,1.067,NA
299,"299S","QUCH",3,1,"T","S","LMR","LMR",2019-08-07,"6","5","12","NA",7254,41.094,"small spots"
300,"300S","QUCH",4,1,"T","S","LMR","LMR",2019-08-07,"3","2","4","NA",1027,5.169,NA
301,"301S","QUCH",5,1,"T","S","LMR","LMR",2019-08-07,"0","0","1","NA",526,2.831,"small spots"
302,"302S","QUCH",6,1,"T","S","LMR","LMR",2019-08-07,"0","0","1","NA",0,0,NA
303,"303S","QUCH",7,1,"T","S","LMR","LMR",2019-08-07,"6","1","0","NA",178,0.981,NA
304,"304S","QUCH",8,1,"T","S","LMR","LMR",2019-08-07,"0","0","2","NA",685,3.774,"small spots"
305,"305S","QUCH",9,1,"T","S","LMR","LMR",2019-08-07,"0","0","1","NA",109,0.578,"spots"
306,"306S","QUCH",10,1,"T","S","LMR","LMR",2019-08-07,"3","1","0","NA",438,2.323,"spots, no drop"
307,"307S","QUCH",11,1,"T","S","LMR","LMR",2019-08-07,"0","0","1","NA",173,0.935,NA
308,"308S","QUCH",12,1,"T","S","LMR","LMR",2019-08-07,"0","1","1","NA",202,1.139,NA
309,"309S","QUCH",13,1,"T","S","LMR","LMR",2019-08-07,"0","0","1","NA",89,0.491,NA
310,"310S","QUCH",14,1,"T","S","LMR","LMR",2019-08-07,"1","2","1","NA",185,1.091,NA
311,"311S","QUCH",15,1,"T","S","LMR","LMR",2019-08-07,"0","0","1","NA",231,1.363,NA
312,"312S","QUCH",16,1,"T","S","LMR","LMR",2019-08-07,"0","0","0","NA",117,0.69,"spots"
313,"313S","QUCH",17,1,"T","S","LMR","LMR",2019-08-07,"6","21","14","NA",5638,31.06,"spots"
314,"314S","QUCH",18,1,"T","S","LMR","LMR",2019-08-07,"2","4","3","NA",2585,14.241,NA
315,"315S","QUCH",19,1,"T","S","LMR","LMR",2019-08-07,"0","0","1","NA",249,1.372,NA
316,"316S","QUCH",20,1,"T","S","LMR","LMR",2019-08-07,"10","13","1","NA",251,1.383,NA
317,"317S","QUCH",21,1,"T","S","LMR","LMR",2019-08-07,"4","7","7","NA",2933,14.906,NA
318,"318S","QUCH",22,1,"T","S","LMR","LMR",2019-08-07,"20","26","9","NA",2401,12.203,NA
319,"319S","QUCH",23,1,"T","S","LMR","LMR",2019-08-07,"0","0","0","NA",683,3.788,"dry"
320,"320S","QUCH",24,1,"T","S","LMR","LMR",2019-08-07,"0","1","1","NA",925,5.379,NA
321,"321S","QUCH",25,1,"T","S","LMR","LMR",2019-08-07,"0","0","2","NA",2648,14.981,NA
322,"322S","QUCH",26,1,"T","S","LMR","LMR",2019-08-07,"2","2","2","NA",810,4.554,NA
323,"323S","QUCH",27,1,"T","S","LMR","LMR",2019-08-07,"0","1","2","NA",2013,11.317,NA
324,"324S","QUCH",28,1,"T","S","LMR","LMR",2019-08-07,"0","0","0","NA",2208,12.402,NA
325,"325S","QUCH",29,1,"T","S","LMR","LMR",2019-08-07,"1","2","3","NA",1093,6.712,NA
326,"326S","QUCH",30,1,"T","S","LMR","LMR",2019-08-07,"2","4","4","NA",350,2.034,"dry"
327,"327S","QUCH",31,1,"T","S","LMR","LMR",2019-08-07,"5","8","16","NA",471,2.812,NA
328,"328S","QUCH",32,1,"T","S","LMR","LMR",2019-08-07,"0","6","2","NA",2490,13.672,NA
329,"329S","QUCH",1,1,"C","S","HP","LMR",2019-08-09,"0","0","0","NA",442,2.657,NA
330,"330S","QUCH",2,1,"C","S","HP","LMR",NA,"NA","NA","NA","NA",140,0.766,NA
331,"331S","QUCH",3,1,"C","S","HP","LMR",NA,"NA","NA","NA","NA",168,1.173,"small spots, dry"
332,"332S","QUCH",4,1,"C","S","HP","LMR",2019-08-09,"0","0","0","NA",0,0,NA
333,"333S","QUCH",5,1,"C","S","HP","LMR",NA,"NA","NA","NA","NA",225,1.132,"small spots, dry"
334,"334S","QUCH",6,1,"C","S","HP","LMR",NA,"NA","NA","NA","NA",0,0,NA
335,"335S","QUCH",7,1,"C","S","HP","LMR",NA,"NA","NA","NA","NA",0,0,NA
336,"336S","QUCH",8,1,"C","S","HP","LMR",NA,"NA","NA","NA","NA",0,0,"small spots"
337,"337S","QUCH",9,1,"C","S","HP","LMR",2019-08-09,"0","0","0","NA",0,0,"spots, dry"
338,"338S","QUCH",10,1,"C","S","HP","LMR",NA,"NA","NA","NA","NA",196,1.08,"spots, dry"
339,"339S","QUCH",11,1,"C","S","HP","LMR",NA,"NA","NA","NA","NA",0,0,NA
340,"340S","QUCH",12,1,"C","S","HP","LMR",2019-08-09,"0","0","0","NA",0,0,NA
341,"341S","QUCH",13,1,"C","S","HP","LMR",NA,"NA","NA","NA","NA",0,0,NA
342,"342S","QUCH",14,2,"C","S","HP","LMR",2019-08-09,"0","0","0","NA",0,0,NA
343,"343S","QUCH",15,2,"C","S","HP","LMR",NA,"NA","NA","NA","NA",0,0,NA
344,"344S","QUCH",16,2,"C","S","HP","LMR",NA,"NA","NA","NA","NA",0,0,"spots"
345,"345S","QUCH",17,2,"C","S","HP","LMR",2019-08-09,"0","0","0","NA",NA,0,"spots"
346,"346S","QUCH",18,2,"C","S","HP","LMR",NA,"NA","NA","NA","NA",NA,0,NA
347,"347S","QUCH",19,2,"C","S","HP","LMR",NA,"NA","NA","NA","NA",NA,0,NA
348,"348S","QUCH",20,2,"C","S","HP","LMR",2019-08-09,"0","0","0","NA",NA,1,NA
349,"349S","QUCH",21,1,"C","S","HP","LMR",NA,"NA","NA","NA","NA",NA,0,NA
350,"350S","QUCH",22,1,"C","S","HP","LMR",2019-08-09,"0","0","0","NA",NA,0,NA
351,"351S","QUCH",23,1,"C","S","HP","LMR",NA,"NA","NA","NA","NA",NA,0,"dry"
352,"352S","QUCH",24,1,"C","S","HP","LMR",NA,"NA","NA","NA","NA",NA,0,NA
353,"353S","QUCH",25,1,"C","S","HP","LMR",2019-08-09,"0","0","0","NA",NA,0,NA
354,"354S","QUCH",26,1,"C","S","HP","LMR",NA,"NA","NA","NA","NA",NA,0,NA
355,"355S","QUCH",27,2,"C","S","HP","LMR",NA,"NA","NA","NA","NA",NA,0,NA
356,"356S","QUCH",28,2,"C","S","HP","LMR",2019-08-09,"0","0","0","NA",NA,0,NA
357,"357S","QUCH",29,2,"C","S","HP","LMR",NA,"NA","NA","NA","NA",NA,0,NA
358,"358S","QUCH",30,1,"C","S","HP","LMR",NA,"NA","NA","NA","NA",NA,0,NA
359,"359S","QUCH",31,1,"C","S","HP","LMR",NA,"NA","NA","NA","NA",NA,0,NA
360,"360S","QUCH",32,2,"C","S","HP","LMR",NA,"NA","NA","NA","NA",NA,0,NA
361,"361S","QUPA",1,1,"T","S","SF","LMR",2019-08-06,"1","1","3","NA",2084,10.888,NA
362,"362S","QUPA",2,1,"T","S","SF","LMR",2019-08-06,"1","1","0","NA",2520,13.166,"dry"
363,"363S","QUPA",3,1,"T","S","SF","LMR",2019-08-06,"3","0","2","NA",1693,8.845,NA
364,"364S","QUPA",4,1,"T","S","SF","LMR",2019-08-06,"1","3","1","NA",4652,24.305,NA
365,"365S","QUPA",5,1,"T","S","SF","LMR",2019-08-06,"4","1","0","NA",3980,19.422,NA
366,"366S","QUPA",6,1,"T","S","SF","LMR",2019-08-06,"0","2","0","NA",3939,22.144,NA
367,"367S","QUPA",7,1,"T","S","SF","LMR",2019-08-06,"4","3","4","NA",2955,15.554,NA
368,"368S","QUPA",8,1,"T","S","SF","LMR",2019-08-06,"0","1","0","NA",2507,13.196,NA
369,"369S","QUPA",9,1,"T","S","SF","LMR",2019-08-06,"0","0","1","NA",3847,22.661,"dry"
370,"370S","QUPA",10,1,"T","S","SF","LMR",2019-08-06,"0","0","2","NA",6738,37.128,NA
371,"371S","QUPA",11,1,"T","S","SF","LMR",2019-08-06,"2","0","0","NA",2494,13.93,NA
372,"372S","QUPA",12,1,"T","S","SF","LMR",2019-08-06,"0","1","0","NA",2476,13.643,NA
373,"373S","QUPA",13,1,"T","S","SF","LMR",2019-08-06,"5","4","5","NA",2828,15.185,NA
374,"374S","QUPA",14,1,"T","S","SF","LMR",2019-08-06,"3","7","2","NA",4187,22.482,NA
375,"375S","QUPA",15,1,"T","S","SF","LMR",2019-08-06,"0","0","3","NA",2301,12.355,NA
376,"376S","QUPA",16,1,"T","S","SF","LMR",2019-08-06,"3","2","8","NA",2209,11.861,NA
377,"377S","QUPA",17,1,"T","S","SF","LMR",2019-08-06,"1","3","0","NA",2036,10.577,NA
378,"378S","QUPA",18,1,"T","S","SF","LMR",2019-08-06,"2","0","3","NA",2419,12.566,NA
379,"379S","QUPA",19,1,"T","S","SF","LMR",2019-08-06,"0","1","2","NA",3565,18.519,NA
380,"380S","QUPA",20,1,"T","S","SF","LMR",2019-08-06,"0","2","0","NA",1805,10.419,NA
381,"381S","QUPA",21,1,"T","S","SF","LMR",2019-08-06,"2","3","4","NA",1331,7.333,NA
382,"382S","QUPA",22,1,"T","S","SF","LMR",2019-08-06,"1","0","1","NA",1640,100,NA
383,"383S","QUPA",23,1,"T","S","SF","LMR",2019-08-06,"1","3","1","NA",2278,12.642,NA
384,"384S","QUPA",24,1,"T","S","SF","LMR",2019-08-06,"0","1","0","NA",1877,10.162,NA
385,"385S","QUPA",25,1,"T","S","SF","LMR",2019-08-06,"1","0","4","NA",10203,53.052,NA
386,"386S","QUPA",26,1,"T","S","SF","LMR",2019-08-06,"2","0","1","NA",484,2.529,NA
387,"387S","QUPA",27,1,"T","S","SF","LMR",2019-08-06,"2","2","3","NA",13758,74.918,NA
388,"388S","QUPA",28,1,"T","S","SF","LMR",2019-08-06,"7","11","15","NA",3450,19.291,NA
389,"389S","QUPA",29,1,"T","S","SF","LMR",2019-08-06,"1","1","0","NA",2765,15.236,NA
390,"390S","QUPA",30,1,"T","S","SF","LMR",2019-08-06,"1","0","0","NA",2937,16.184,NA
391,"391S","QUPA",31,1,"T","S","SF","LMR",2019-08-06,"2","3","1","NA",4373,24.096,NA
392,"392S","QUPA",32,1,"T","S","SF","LMR",2019-08-06,"4","9","8","NA",6057,33.376,NA
393,"393S","QUPA",1,1,"C","S","HP","LMR",2019-08-08,"0","0","0","NA",0,0,NA
394,"394S","QUPA",2,1,"C","S","HP","LMR",2019-08-08,"0","0","0","NA",0,0,NA
395,"395S","QUPA",3,1,"C","S","HP","LMR",2019-08-08,"0","0","0","NA",0,0,NA
396,"396S","QUPA",4,1,"C","S","HP","LMR",2019-08-08,"0","0","0","NA",0,0,NA
397,"397S","QUPA",5,1,"C","S","HP","LMR",2019-08-08,"0","0","0","NA",0,0,NA
398,"398S","QUPA",6,1,"C","S","HP","LMR",2019-08-08,"0","0","0","NA",0,0,NA
399,"399S","QUPA",7,1,"C","S","HP","LMR",2019-08-08,"0","0","0","NA",656,4.24434712491815,NA
400,"400S","QUPA",8,1,"C","S","HP","LMR",2019-08-08,"0","0","0","NA",0,0,NA
401,"401S","QUPA",9,1,"C","S","HP","LMR",2019-08-08,"0","0","0","NA",0,0,NA
402,"402S","QUPA",10,1,"C","S","HP","LMR",2019-08-08,"0","0","0","NA",0,0,NA
403,"403S","QUPA",11,1,"C","S","HP","LMR",2019-08-08,"0","0","0","NA",0,0,NA
404,"404S","QUPA",12,1,"C","S","HP","LMR",2019-08-08,"0","0","0","NA",0,0,NA
405,"405S","QUPA",13,1,"C","S","HP","LMR",2019-08-08,"0","0","0","NA",0,0,NA
406,"406S","QUPA",14,1,"C","S","HP","LMR",2019-08-08,"0","0","0","NA",0,0,NA
407,"407S","QUPA",15,1,"C","S","HP","LMR",2019-08-08,"0","0","0","NA",0,0,NA
408,"408S","QUPA",16,1,"C","S","HP","LMR",2019-08-08,"0","0","0","NA",0,0,NA
409,"409S","QUPA",17,1,"C","S","HP","LMR",2019-08-08,"0","0","0","NA",1470,9.51096078297206,NA
410,"410S","QUPA",18,1,"C","S","HP","LMR",2019-08-08,"0","0","0","NA",0,0,NA
411,"411S","QUPA",19,1,"C","S","HP","LMR",2019-08-08,"0","0","0","NA",0,0,NA
412,"412S","QUPA",20,1,"C","S","HP","LMR",2019-08-08,"0","0","0","NA",0,0,NA
413,"413S","QUPA",21,1,"C","S","HP","LMR",2019-08-08,"0","0","0","NA",0,0,NA
414,"414S","QUPA",22,1,"C","S","HP","LMR",2019-08-08,"0","0","0","NA",4368,28.2611406122598,NA
415,"415S","QUPA",23,1,"C","S","HP","LMR",2019-08-08,"0","0","0","NA",0,0,NA
416,"416S","QUPA",24,1,"C","S","HP","LMR",2019-08-08,"0","0","0","NA",299,1.93454236333922,NA
417,"417S","QUPA",25,1,"C","S","HP","LMR",2019-08-08,"0","0","0","NA",0,0,NA
418,"418S","QUPA",26,1,"C","S","HP","LMR",2019-08-08,"0","0","0","NA",2944,19.04780173134,NA
419,"419S","QUPA",27,1,"C","S","HP","LMR",2019-08-08,"0","0","0","NA",0,0,NA
420,"420S","QUPA",28,1,"C","S","HP","LMR",2019-08-08,"0","0","0","NA",NA,100,NA
421,"421S","QUPA",29,1,"C","S","HP","LMR",2019-08-08,"0","0","0","NA",0,0,NA
422,"422S","QUPA",30,1,"C","S","HP","LMR",2019-08-08,"0","0","0","NA",0,0,NA
423,"423S","QUPA",31,1,"C","S","HP","LMR",2019-08-08,"0","0","0","NA",0,0,NA
424,"424S","QUPA",32,1,"C","S","HP","LMR",2019-08-08,"0","0","0","NA",0,0,NA
425,"425S","TODI",1,1,"T","S","SF","LMR",2019-08-05,"2","2","1","NA",6575,49.369,NA
425,"425C","TODI",1,1,"T","C","LMR","SF",2019-06-19,"0","NA","NA","1",5021,35.07,NA
426,"426S","TODI",2,1,"T","S","SF","LMR",2019-08-05,"4","9","4","NA",9672,64.761,NA
426,"426C","TODI",2,1,"T","C","LMR","SF",2019-06-19,"77","NA","NA","0.1",8751,58.594,NA
427,"427S","TODI",3,1,"T","S","SF","LMR",2019-08-05,"2","2","1","NA",957,6.685,NA
427,"427C","TODI",3,1,"T","C","LMR","SF",2019-06-19,"0","NA","NA","1",495,3.458,"weird structures"
428,"428S","TODI",4,1,"T","S","SF","LMR",2019-08-05,"2","1","0","NA",74,0.517,NA
428,"428C","TODI",4,1,"T","C","LMR","SF",2019-06-19,"3","NA","NA","1",52,0.363,"recount, weird structures"
429,"429S","TODI",5,1,"T","S","SF","LMR",2019-08-05,"1","1","0","NA",2895,21.985,NA
429,"429C","TODI",5,1,"T","C","LMR","SF",2019-06-19,"5","NA","NA","0.1",4132,29.938,NA
430,"430S","TODI",6,1,"T","S","SF","LMR",2019-08-05,"0","0","0","NA",292,2.116,NA
430,"430C","TODI",6,1,"T","C","LMR","SF",2019-06-20,"0","NA","NA","1",1135,8.223,NA
431,"431S","TODI",7,1,"T","S","SF","LMR",2019-08-05,"8","11","18","NA",4310,30.567,NA
431,"431C","TODI",7,1,"T","C","LMR","SF",2019-06-20,"0","NA","NA","1",203,1.397,NA
432,"432S","TODI",8,1,"T","S","SF","LMR",2019-08-05,"3","2","1","NA",575,3.956,NA
432,"432C","TODI",8,1,"T","C","LMR","SF",2019-06-20,"0","NA","NA","1",2003,15.128,NA
433,"433S","TODI",9,1,"T","S","SF","LMR",2019-08-05,"0","0","0","NA",102,0.724,NA
433,"433C","TODI",9,1,"T","C","LMR","SF",2019-06-20,"0","NA","NA","1",252,1.79,NA
434,"434S","TODI",10,1,"T","S","SF","LMR",2019-08-05,"1","0","0","NA",206,1.463,NA
434,"434C","TODI",10,1,"T","C","LMR","SF",2019-06-20,"43","NA","NA","0.2",4501,31.432,NA
435,"435S","TODI",11,1,"T","S","SF","LMR",2019-08-05,"8","12","22","NA",8934,65.25,NA
435,"435C","TODI",11,1,"T","C","LMR","EL",2019-06-20,"18","NA","NA","0.1",7412,53.324,NA
436,"436S","TODI",12,1,"T","S","SF","LMR",2019-08-05,"3","3","1","NA",4460,32.086,NA
436,"436C","TODI",12,1,"T","C","LMR","EL",2019-06-20,"0","NA","NA","0.1",3788,27.252,NA
437,"437S","TODI",13,1,"T","S","SF","LMR",2019-08-05,"4","3","3","NA",5446,40.115,NA
437,"437C","TODI",13,1,"T","C","LMR","EL",2019-06-20,"0","NA","NA","0.1",551,4.022,NA
438,"438S","TODI",14,1,"T","S","SF","LMR",2019-08-06,"0","1","0","NA",6598,48.6,NA
438,"438C","TODI",14,1,"T","C","LMR","EL",2019-06-20,"11","NA","NA","0.1",7406,54.552,NA
439,"439S","TODI",15,1,"T","S","SF","LMR",2019-08-06,"0","0","0","NA",722,5.27,NA
439,"439C","TODI",15,1,"T","C","LMR","EL",2019-06-20,"0","NA","NA","0.1",1269,9.263,NA
440,"440S","TODI",16,1,"T","S","SF","LMR",2019-08-06,"0","0","0","NA",3501,25.788,NA
440,"440C","TODI",16,1,"T","C","LMR","SF",2019-06-20,"0","NA","NA","1",4290,31.6,NA
441,"441S","TODI",17,1,"T","S","SF","LMR",2019-08-06,"0","0","0","NA",8494,63.568,NA
441,"441C","TODI",17,1,"T","C","LMR","SF",2019-06-20,"27","NA","NA","0.1",5544,41.491,NA
442,"442S","TODI",18,1,"T","S","SF","LMR",2019-08-06,"0","0","1","NA",6817,46.577,NA
442,"442C","TODI",18,1,"T","C","LMR","SF",2019-06-20,"2","NA","NA","1",5744,39.246,NA
443,"443S","TODI",19,1,"T","S","SF","LMR",2019-08-06,"5","1","8","NA",14610,99.822,NA
443,"443C","TODI",19,1,"T","C","LMR","SF",2019-06-20,"164","NA","NA","0.1",14056,86.403,NA
444,"444S","TODI",20,1,"T","S","SF","LMR",2019-08-06,"2","0","1","NA",293,1.876,NA
444,"444C","TODI",20,1,"T","C","LMR","SF",2019-06-20,"0","NA","NA","1",210,1.345,NA
445,"445S","TODI",21,1,"T","S","SF","LMR",2019-08-06,"0","0","2","NA",99,0.662,NA
445,"445C","TODI",21,1,"T","C","LMR","SF",2019-06-20,"0","NA","NA","1",218,1.458,NA
446,"446S","TODI",22,1,"T","S","SF","LMR",2019-08-06,"2","2","1","NA",2534,18.507,NA
446,"446C","TODI",22,1,"T","C","LMR","SF",2019-06-20,"0","NA","NA","1",299,2.151,NA
447,"447S","TODI",23,1,"T","S","SF","LMR",2019-08-06,"5","6","3","NA",3301,22.734,NA
447,"447C","TODI",23,1,"T","C","LMR","SF",2019-06-20,"0","NA","NA","1",623,3.929,NA
448,"448S","TODI",24,1,"T","S","SF","LMR",2019-08-06,"0","0","2","NA",1930,12.172,NA
448,"448C","TODI",24,1,"T","C","LMR","SF",2019-06-20,"2","NA","NA","1",1793,12.167,NA
449,"449S","TODI",25,1,"T","S","SF","LMR",2019-08-06,"2","2","1","NA",786,5.334,NA
449,"449C","TODI",25,1,"T","C","LMR","SF",2019-06-20,"0","NA","NA","1",95,0.645,NA
450,"450S","TODI",26,1,"T","S","SF","LMR",2019-08-06,"1","2","1","NA",780,5.293,NA
450,"450C","TODI",26,1,"T","C","LMR","EL",2019-06-21,"0","NA","NA","1",311,2.11,NA
451,"451S","TODI",27,1,"T","S","SF","LMR",2019-08-06,"4","1","1","NA",3117,20.115,NA
451,"451C","TODI",27,1,"T","C","LMR","EL",2019-06-21,"70","NA","NA","1",4150,26.781,NA
452,"452S","TODI",28,1,"T","S","SF","LMR",2019-08-06,"2","0","1","NA",640,4.343,NA
452,"452C","TODI",28,1,"T","C","LMR","EL",2019-06-21,"0","NA","NA","1",246,1.669,NA
453,"453S","TODI",29,1,"T","S","SF","LMR",2019-08-06,"0","0","0","NA",2299,14.94,NA
453,"453C","TODI",29,1,"T","C","LMR","EL",2019-06-21,"0","NA","NA","1",559,3.823,NA
454,"454S","TODI",30,1,"T","S","SF","LMR",2019-08-06,"0","0","0","NA",578,4.036,NA
454,"454C","TODI",30,1,"T","C","LMR","EL",2019-06-21,"0","NA","NA","1",701,5.123,NA
455,"455S","TODI",31,1,"T","S","SF","LMR",2019-08-06,"2","2","2","NA",3647,26.652,NA
455,"455C","TODI",31,1,"T","C","LMR","EL",2019-06-21,"56","NA","NA","1",4470,32.666,NA
456,"456S","TODI",32,1,"T","S","SF","LMR",2019-08-06,"3","2","0","NA",9454,69.088,"infected with some other fungus. Omit?"
456,"456C","TODI",32,1,"T","C","LMR","EL",2019-06-21,"51","NA","NA","0.1",9493,62.52,"infected with some other fungus. Omit?"
457,"457S","TODI",1,1,"C","S","EL","LMR",2019-08-09,"0","0","0","NA",0,0,NA
457,"457C","TODI",1,1,"C","C","LMR","EL",2019-06-25,"0","NA","NA","1",0,0,NA
458,"458S","TODI",2,1,"C","S","EL","LMR",2019-08-09,"0","0","0","NA",0,0,NA
458,"458C","TODI",2,1,"C","C","LMR","EL",2019-06-25,"0","NA","NA","1",225,1.45575930351613,NA
459,"459S","TODI",9,1,"C","S","EL","LMR",2019-08-09,"0","0","0","NA",0,0,NA
459,"459C","TODI",9,1,"C","C","LMR","SF",2019-06-19,"0","NA","NA","1",0,0,NA
460,"460S","TODI",10,1,"C","S","EL","LMR",2019-08-09,"0","0","0","NA",0,0,NA
460,"460C","TODI",10,1,"C","C","LMR","EL",2019-06-25,"0","NA","NA","1",0,0,NA
461,"461S","TODI",17,1,"C","S","EL","LMR",2019-08-09,"0","0","0","NA",0,0,NA
461,"461C","TODI",17,1,"C","C","LMR","EL",2019-06-25,"0","NA","NA","1",0,0,NA
462,"462S","TODI",18,1,"C","S","EL","LMR",2019-08-09,"0","0","0","NA",564,3.509,NA
462,"462C","TODI",18,1,"C","C","LMR","EL",2019-06-25,"0","NA","NA","1",135,0.909,NA
463,"463S","TODI",25,1,"C","S","EL","LMR",2019-08-09,"0","0","0","NA",0,0,NA
463,"463C","TODI",25,1,"C","C","LMR","EL",2019-06-25,"0","NA","NA","1",0,0,NA
464,"464S","TODI",26,1,"C","S","EL","LMR",2019-08-09,"0","0","0","NA",0,0,NA
464,"464C","TODI",26,1,"C","C","LMR","EL",2019-06-25,"0","NA","NA","1",0,0,NA
465,"465S","TODI",29,1,"C","S","EL","LMR",2019-08-09,"0","0","0","NA",0,0,"lots of chlamydos present, prob not phytophthora tho"
465,"465C","TODI",29,1,"C","C","LMR","EL",2019-06-25,"0","NA","NA","1",0,0,NA
466,"466S","TODI",30,1,"C","S","EL","LMR",2019-08-09,"0","0","0","NA",0,0,NA
466,"466C","TODI",30,1,"C","C","LMR","EL",2019-06-25,"0","NA","NA","1",0,0,NA
467,"467S","UMCA",1,1,"T","S","LMR","LMR",2019-05-21,"44","51","38","NA",4463,23.494,NA
467,"467C","UMCA",1,1,"T","C","LMR","NA",NA,"NA","NA","NA","NA",1704,8.592,NA
468,"468S","UMCA",2,1,"T","S","LMR","LMR",2019-08-01,"1","1","0","NA",9576,51.431,"knobby spores"
468,"468C","UMCA",2,1,"T","C","LMR","NA",NA,"NA","NA","NA","NA",6076,35.336,NA
469,"469S","UMCA",3,1,"T","S","LMR","LMR",2019-05-21,"72","77","46","NA",2512,12.666,"spots, low"
469,"469C","UMCA",3,1,"T","C","LMR","NA",NA,"NA","NA","NA","NA",1447,7.296,"spots, low"
470,"470S","UMCA",4,1,"T","S","LMR","LMR",NA,"NA","NA","NA","NA",7288,40.404,"spots, low, too goopy to count"
470,"470C","UMCA",4,1,"T","C","LMR","NA",NA,"NA","NA","NA","NA",6383,35.386,"spots, low"
471,"471S","UMCA",5,1,"T","S","LMR","LMR",2019-05-21,"1","1","4","NA",3108,20.1088885125695,"control had low # of sporangia"
471,"471C","UMCA",5,1,"T","C","LMR","NA",NA,"NA","NA","NA","NA",3049,19.7271560729808,NA
472,"472S","UMCA",6,1,"T","S","LMR","LMR",2019-05-21,"2","1","2","NA",4098,25.365,"knobby spores"
472,"472C","UMCA",6,1,"T","C","LMR","NA",NA,"NA","NA","NA","NA",66,0.376,NA
473,"473C","UMCA",7,1,"T","C","LMR","NA",NA,"NA","NA","NA","NA",4540,29.3739877242811,NA
473,"473S","UMCA",7,1,"T","S","LMR","LMR",2019-05-21,"12","9","15","NA",4643,26.42,NA
474,"474S","UMCA",8,1,"T","S","LMR","LMR",2019-05-21,"2","1","4","NA",3327,21.5258275679919,"spots, med, knobby spores"
474,"474C","UMCA",8,1,"T","C","LMR","NA",NA,"NA","NA","NA","NA",6578,39.522,"spots, med"
475,"475S","UMCA",9,1,"T","S","LMR","LMR",2019-05-21,"50","50","72","NA",2564,14.799,"spots, med"
475,"475C","UMCA",9,1,"T","C","LMR","NA",NA,"NA","NA","NA","NA",2325,12.986,"spots, med"
476,"476S","UMCA",10,1,"T","S","LMR","LMR",2019-05-21,"24","17","31","NA",5406,29.052,NA
476,"476C","UMCA",10,1,"T","C","LMR","NA",NA,"NA","NA","NA","NA",3834,22.615,NA
477,"477S","UMCA",11,1,"T","S","LMR","LMR",2019-05-21,"12","23","13","NA",2317,12.672,NA
477,"477C","UMCA",11,1,"T","C","LMR","NA",NA,"NA","NA","NA","NA",4436,24.262,NA
478,"478S","UMCA",12,1,"T","S","LMR","LMR",2019-08-01,"35","47","43","NA",5947,32.526,NA
478,"478C","UMCA",12,1,"T","C","LMR","NA",NA,"NA","NA","NA","NA",8439,46.155,NA
479,"479S","UMCA",13,1,"T","S","LMR","LMR",2019-08-01,"1","6","9","NA",2734,16.206,"knobby spores"
479,"479C","UMCA",13,1,"T","C","LMR","NA",NA,"NA","NA","NA","NA",2802,16.609,NA
480,"480S","UMCA",14,1,"T","S","LMR","LMR",2019-08-01,"62","75","52","NA",3058,19.7853864451215,"spots, low"
480,"480C","UMCA",14,1,"T","C","LMR","NA",NA,"NA","NA","NA","NA",4026,24.04,"spots, low"
481,"481S","UMCA",15,1,"T","S","LMR","LMR",2019-08-01,"43","65","51","NA",7203,43.011,NA
481,"481C","UMCA",15,1,"T","C","LMR","NA",NA,"NA","NA","NA","NA",14250,85.09,NA
482,"482S","UMCA",16,1,"T","S","LMR","LMR",2019-08-01,"9","15","20","NA",5289,31.156,"spots, med"
482,"482C","UMCA",16,1,"T","C","LMR","NA",NA,"NA","NA","NA","NA",5537,32.617,"spots, med"
483,"483S","UMCA",17,1,"T","S","LMR","LMR",2019-05-21,"13","6","4","NA",6541,34.175,NA
483,"483C","UMCA",17,1,"T","C","LMR","NA",NA,"NA","NA","NA","NA",10043,52.471,"dry"
484,"484S","UMCA",18,1,"T","S","LMR","LMR",2019-08-01,"2","0","1","NA",5034,28.3,"dry"
484,"484C","UMCA",18,1,"T","C","LMR","NA",NA,"NA","NA","NA","NA",5600,29.258,NA
485,"485S","UMCA",19,1,"T","S","LMR","LMR",2019-08-01,"7","3","7","NA",5191,26.983,"dry"
485,"485C","UMCA",19,1,"T","C","LMR","NA",NA,"NA","NA","NA","NA",1690,9.567,NA
486,"486S","UMCA",20,1,"T","S","LMR","LMR",2019-08-01,"34","31","33","NA",4251,25.757,"dry"
486,"486C","UMCA",20,1,"T","C","LMR","NA",NA,"NA","NA","NA","NA",3159,17.644,"dry"
487,"487S","UMCA",21,1,"T","S","LMR","LMR",2019-08-01,"4","6","10","NA",2761,16.052,NA
487,"487C","UMCA",21,1,"T","C","LMR","NA",NA,"NA","NA","NA","NA",2936,17.07,NA
488,"488S","UMCA",22,1,"T","S","LMR","LMR",2019-08-01,"0","0","1","NA",890,5.038,"lesion on side but prob not from ramorum"
488,"488C","UMCA",22,1,"T","C","LMR","NA",NA,"NA","NA","NA","NA",570,3.184,NA
489,"489S","UMCA",23,1,"T","S","LMR","LMR",2019-08-01,"20","21","14","NA",3293,17.438,NA
489,"489C","UMCA",23,1,"T","C","LMR","NA",NA,"NA","NA","NA","NA",4157,23.244,NA
490,"490S","UMCA",24,1,"T","S","LMR","LMR",2019-08-01,"81","86","82","NA",1864,10.765,NA
490,"490C","UMCA",24,1,"T","C","LMR","NA",NA,"NA","NA","NA","NA",3075,17.758,NA
491,"491S","UMCA",25,1,"T","S","LMR","LMR",2019-05-21,"0","0","1","NA",1005,5.92,NA
491,"491C","UMCA",25,1,"T","C","LMR","NA",NA,"NA","NA","NA","NA",10068,48.829,NA
492,"492S","UMCA",26,1,"T","S","LMR","LMR",NA,"NA","NA","NA","NA",5647,28.433,"dry, too goopy to count sporangia"
492,"492C","UMCA",26,1,"T","C","LMR","NA",NA,"NA","NA","NA","NA",10366,52.174,"dry"
493,"493S","UMCA",27,1,"T","S","LMR","LMR",2019-05-21,"22","21","12","NA",4688,24.684,"dry"
493,"493C","UMCA",27,1,"T","C","LMR","NA",NA,"NA","NA","NA","NA",3367,19.571,"dry"
494,"494S","UMCA",28,1,"T","S","LMR","LMR",2019-05-21,"6","13","5","NA",4016,21.146,NA
494,"494C","UMCA",28,1,"T","C","LMR","NA",NA,"NA","NA","NA","NA",3264,18.463,NA
495,"495S","UMCA",29,1,"T","S","LMR","LMR",2019-05-21,"15","15","7","NA",9364,51.27,"spots, low"
495,"495C","UMCA",29,1,"T","C","LMR","NA",NA,"NA","NA","NA","NA",7983,45.743,"spots, low"
496,"496S","UMCA",30,1,"T","S","LMR","LMR",2019-05-21,"14","13","16","NA",2816,15.304,"couple leaf spots"
496,"496C","UMCA",30,1,"T","C","LMR","NA",NA,"NA","NA","NA","NA",1086,6.494,"couple leaf spots"
497,"497S","UMCA",31,1,"T","S","LMR","LMR",2019-05-21,"0","2","0","NA",1277,6.516,NA
497,"497C","UMCA",31,1,"T","C","LMR","NA",NA,"NA","NA","NA","NA",6147,33.006,NA
498,"498S","UMCA",32,1,"T","S","LMR","LMR",2019-05-21,"8","14","14","NA",798,4.285,"spots, med"
498,"498C","UMCA",32,1,"T","C","LMR","NA",NA,"NA","NA","NA","NA",2430,13.048,"spots, med"
499,"499S","UMCA",1,1,"C","S","LMR","LMR",2019-05-21,"0","0","0","NA",NA,0,NA
499,"499C","UMCA",1,1,"C","C","LMR","NA",NA,"NA","NA","NA","NA",NA,0,NA
500,"500S","UMCA",2,1,"C","S","LMR","LMR",2019-05-21,"0","0","0","NA",3639,23.5444804688676,"lesion on side"
500,"500C","UMCA",2,1,"C","C","LMR","NA",NA,"NA","NA","NA","NA",1054,6.81942358180446,NA
501,"501S","UMCA",3,1,"C","S","LMR","LMR",2019-08-08,"0","0","0","NA",NA,0,"spots, low"
501,"501C","UMCA",3,1,"C","C","LMR","NA",NA,"NA","NA","NA","NA",NA,0,"spots, low"
502,"502S","UMCA",4,1,"C","S","LMR","LMR",2019-08-08,"0","0","0","NA",NA,0,"spots, low"
502,"502C","UMCA",4,1,"C","C","LMR","NA",NA,"NA","NA","NA","NA",NA,0,"spots, low"
503,"503S","UMCA",5,1,"C","S","LMR","LMR",2019-08-08,"0","0","1","NA",NA,0,"counted sporangia 9x: 001001000"
503,"503C","UMCA",5,1,"C","C","LMR","NA",NA,"NA","NA","NA","NA",NA,0,NA
504,"504S","UMCA",6,1,"C","S","LMR","LMR",2019-08-08,"0","0","0","NA",908,5.87479754485621,NA
504,"504C","UMCA",6,1,"C","C","LMR","NA",NA,"NA","NA","NA","NA",452,2.92445868973019,NA
505,"505S","UMCA",7,1,"C","S","LMR","LMR",2019-08-08,"0","0","0","NA",358,2.31627480292789,NA
505,"505C","UMCA",7,1,"C","C","LMR","NA",NA,"NA","NA","NA","NA",0,0,NA
506,"506S","UMCA",8,1,"C","S","LMR","LMR",2019-05-21,"0","0","0","NA",74,0.502,"spots, med"
506,"506C","UMCA",8,1,"C","C","LMR","NA",NA,"NA","NA","NA","NA",91,0.618,"spots, med"
507,"507S","UMCA",9,1,"C","S","LMR","LMR",2019-05-21,"0","0","0","NA",NA,1,"spots, med"
507,"507C","UMCA",9,1,"C","C","LMR","NA",NA,"NA","NA","NA","NA",NA,0,"spots, med"
508,"508S","UMCA",10,1,"C","S","LMR","LMR",2019-08-08,"0","0","0","NA",NA,0,NA
508,"508C","UMCA",10,1,"C","C","LMR","NA",NA,"NA","NA","NA","NA",NA,0,NA
509,"509S","UMCA",11,1,"C","S","LMR","LMR",2019-08-08,"0","0","0","NA",NA,0,NA
509,"509C","UMCA",11,1,"C","C","LMR","NA",NA,"NA","NA","NA","NA",NA,0,NA
510,"510S","UMCA",12,1,"C","S","LMR","LMR",2019-08-08,"0","0","0","NA",NA,0,NA
510,"510C","UMCA",12,1,"C","C","LMR","NA",NA,"NA","NA","NA","NA",NA,0,NA
511,"511S","UMCA",13,1,"C","S","LMR","LMR",2019-08-08,"0","0","0","NA",NA,0,NA
511,"511C","UMCA",13,1,"C","C","LMR","NA",NA,"NA","NA","NA","NA",NA,0,NA
512,"512S","UMCA",14,1,"C","S","LMR","LMR",2019-08-08,"0","0","0","NA",NA,0,"spots, low"
512,"512C","UMCA",14,1,"C","C","LMR","NA",NA,"NA","NA","NA","NA",NA,0,"spots, low"
513,"513S","UMCA",15,1,"C","S","LMR","LMR",2019-08-08,"0","0","0","NA",NA,0,NA
513,"513C","UMCA",15,1,"C","C","LMR","NA",NA,"NA","NA","NA","NA",NA,0,NA
514,"514S","UMCA",16,1,"C","S","LMR","LMR",2019-08-08,"0","0","0","NA",NA,0,"spots, med"
514,"514C","UMCA",16,1,"C","C","LMR","NA",NA,"NA","NA","NA","NA",NA,0,"spots, med"
515,"515S","UMCA",17,1,"C","S","LMR","LMR",2019-08-08,"0","0","0","NA",0,0,NA
515,"515C","UMCA",17,1,"C","C","LMR","NA",NA,"NA","NA","NA","NA",0,0,NA
516,"516S","UMCA",18,1,"C","S","LMR","LMR",2019-08-08,"0","0","0","NA",0,0,NA
516,"516C","UMCA",18,1,"C","C","LMR","NA",NA,"NA","NA","NA","NA",0,0,NA
517,"517S","UMCA",19,1,"C","S","LMR","LMR",2019-08-08,"0","0","0","NA",0,0,NA
517,"517C","UMCA",19,1,"C","C","LMR","NA",NA,"NA","NA","NA","NA",410,2.65271695307384,NA
518,"518S","UMCA",20,1,"C","S","LMR","LMR",2019-08-08,"0","0","0","NA",0,0,NA
518,"518C","UMCA",20,1,"C","C","LMR","NA",NA,"NA","NA","NA","NA",0,0,NA
519,"519S","UMCA",21,1,"C","S","LMR","LMR",2019-08-08,"0","0","0","NA",0,0,NA
519,"519C","UMCA",21,1,"C","C","LMR","NA",NA,"NA","NA","NA","NA",0,0,NA
520,"520S","UMCA",22,1,"C","S","LMR","LMR",2019-08-08,"0","0","0","NA",0,0,NA
520,"520C","UMCA",22,1,"C","C","LMR","NA",NA,"NA","NA","NA","NA",0,0,NA
521,"521S","UMCA",23,1,"C","S","LMR","LMR",2019-08-08,"0","0","0","NA",0,0,NA
521,"521C","UMCA",23,1,"C","C","LMR","NA",NA,"NA","NA","NA","NA",0,0,NA
522,"522S","UMCA",24,1,"C","S","LMR","LMR",2019-08-08,"0","0","0","NA",0,0,NA
522,"522C","UMCA",24,1,"C","C","LMR","NA",NA,"NA","NA","NA","NA",0,0,NA
523,"523S","UMCA",25,1,"C","S","LMR","LMR",2019-08-08,"0","0","0","NA",101,0.653474176245019,NA
523,"523C","UMCA",25,1,"C","C","LMR","NA",NA,"NA","NA","NA","NA",0,0,NA
524,"524S","UMCA",26,1,"C","S","LMR","LMR",2019-08-08,"0","0","0","NA",0,0,NA
524,"524C","UMCA",26,1,"C","C","LMR","NA",NA,"NA","NA","NA","NA",119,0.76993492052631,NA
525,"525S","UMCA",27,1,"C","S","LMR","LMR",2019-08-08,"0","0","0","NA",0,0,NA
525,"525C","UMCA",27,1,"C","C","LMR","NA",NA,"NA","NA","NA","NA",0,0,NA
526,"526S","UMCA",28,1,"C","S","LMR","LMR",2019-08-08,"0","0","0","NA",0,0,NA
526,"526C","UMCA",28,1,"C","C","LMR","NA",NA,"NA","NA","NA","NA",0,0,NA
527,"527S","UMCA",29,1,"C","S","LMR","LMR",2019-08-08,"0","0","0","NA",0,0,"spots, low"
527,"527C","UMCA",29,1,"C","C","LMR","NA",NA,"NA","NA","NA","NA",0,0,"spots, low"
528,"528S","UMCA",30,1,"C","S","LMR","LMR",2019-08-08,"0","0","0","NA",0,0,"couple leaf spots"
528,"528C","UMCA",30,1,"C","C","LMR","NA",NA,"NA","NA","NA","NA",334,1.855,"couple leaf spots"
529,"529S","UMCA",31,1,"C","S","LMR","LMR",2019-08-08,"0","0","0","NA",1809,11.7043048002697,NA
529,"529C","UMCA",31,1,"C","C","LMR","NA",NA,"NA","NA","NA","NA",0,0,NA
530,"530S","UMCA",32,1,"C","S","LMR","LMR",2019-08-08,"0","0","0","NA",0,0,"spots, med"
530,"530C","UMCA",32,1,"C","C","LMR","NA",NA,"NA","NA","NA","NA",0,0,"spots, med"
531,"531S","PIPO",1,1,"T","S",NA,"LMR",2019-08-11,"0","0","0","NA",NA,NA,NA
531,"531C","PIPO",1,1,"T","C",NA,"LMR",2019-08-14,"0","NA","NA","1",NA,NA,NA
532,"532S","PIPO",2,1,"T","S",NA,"LMR",2019-08-11,"0","0","0","NA",NA,NA,NA
532,"532C","PIPO",2,1,"T","C",NA,"LMR",2019-08-14,"0","NA","NA","1",NA,NA,NA
533,"533S","PIPO",3,1,"T","S",NA,"LMR",2019-08-11,"0","0","0","NA",NA,NA,NA
533,"533C","PIPO",3,1,"T","C",NA,"LMR",2019-08-14,"0","NA","NA","1",NA,NA,NA
534,"534S","PIPO",4,1,"T","S",NA,"LMR",2019-08-11,"0","0","0","NA",NA,NA,NA
534,"534C","PIPO",4,1,"T","C",NA,"LMR",2019-08-14,"0","NA","NA","1",NA,NA,NA
535,"535S","PIPO",5,1,"T","S",NA,"LMR",2019-08-11,"0","0","0","NA",NA,NA,NA
535,"535C","PIPO",5,1,"T","C",NA,"LMR",2019-08-14,"0","NA","NA","1",NA,NA,NA
536,"536S","PIPO",6,1,"T","S",NA,"LMR",2019-08-11,"0","0","0","NA",NA,NA,NA
536,"536C","PIPO",6,1,"T","C",NA,"LMR",2019-08-14,"0","NA","NA","1",NA,NA,NA
537,"537S","PIPO",7,1,"T","S",NA,"LMR",2019-08-11,"0","0","0","NA",NA,NA,NA
537,"537C","PIPO",7,1,"T","C",NA,"LMR",2019-08-14,"0","NA","NA","1",NA,NA,NA
538,"538S","PIPO",8,1,"T","S",NA,"LMR",2019-08-11,"0","0","0","NA",NA,NA,NA
538,"538C","PIPO",8,1,"T","C",NA,"LMR",2019-08-14,"0","NA","NA","1",NA,NA,NA
539,"539S","PIPO",9,1,"T","S",NA,"LMR",2019-08-11,"0","0","0","NA",NA,NA,NA
539,"539C","PIPO",9,1,"T","C",NA,"LMR",2019-08-14,"0","NA","NA","1",NA,NA,NA
540,"540S","PIPO",10,1,"T","S",NA,"LMR",2019-08-11,"0","0","0","NA",NA,NA,NA
540,"540C","PIPO",10,1,"T","C",NA,"LMR",2019-08-14,"0","NA","NA","1",NA,NA,NA
541,"541S","PIPO",11,1,"T","S",NA,"LMR",2019-08-11,"0","0","NA","NA",NA,NA,"<15ul total vol"
541,"541C","PIPO",11,1,"T","C",NA,"LMR",2019-08-14,"0","NA","NA","1",NA,NA,NA
542,"542S","PIPO",12,1,"T","S",NA,"LMR",2019-08-11,"0","0","0","NA",NA,NA,NA
542,"542C","PIPO",12,1,"T","C",NA,"LMR",2019-08-14,"0","NA","NA","1",NA,NA,NA
543,"543S","PIPO",13,1,"T","S",NA,"LMR",2019-08-11,"0","0","1","NA",NA,NA,"counted sporangia 9x: 001000000"
543,"543C","PIPO",13,1,"T","C",NA,"LMR",2019-08-14,"0","NA","NA","1",NA,NA,NA
544,"544S","PIPO",14,1,"T","S",NA,"LMR",2019-08-11,"0","0","0","NA",NA,NA,NA
544,"544C","PIPO",14,1,"T","C",NA,"LMR",2019-08-14,"0","NA","NA","1",NA,NA,NA
545,"545S","PIPO",15,1,"T","S",NA,"LMR",2019-08-11,"0","0","0","NA",NA,NA,NA
545,"545C","PIPO",15,1,"T","C",NA,"LMR",2019-08-14,"0","NA","NA","1",NA,NA,NA
546,"546S","PIPO",16,1,"T","S",NA,"LMR",2019-08-11,"0","0","0","NA",NA,NA,NA
546,"546C","PIPO",16,1,"T","C",NA,"LMR",2019-08-14,"0","NA","NA","1",NA,NA,NA
547,"547S","PIPO",17,1,"T","S",NA,"LMR",2019-08-12,"0","0","0","NA",NA,NA,NA
547,"547C","PIPO",17,1,"T","C",NA,"LMR",2019-08-14,"0","NA","NA","1",NA,NA,NA
548,"548S","PIPO",18,1,"T","S",NA,"LMR",2019-08-12,"0","0","0","NA",NA,NA,NA
548,"548C","PIPO",18,1,"T","C",NA,"LMR",2019-08-14,"0","NA","NA","1",NA,NA,NA
549,"549S","PIPO",19,1,"T","S",NA,"LMR",2019-08-12,"0","0","0","NA",NA,NA,NA
549,"549C","PIPO",19,1,"T","C",NA,"LMR",2019-08-14,"0","NA","NA","1",NA,NA,NA
550,"550S","PIPO",20,1,"T","S",NA,"LMR",2019-08-12,"0","0","0","NA",NA,NA,NA
550,"550C","PIPO",20,1,"T","C",NA,"LMR",2019-08-14,"0","NA","NA","1",NA,NA,NA
551,"551S","PIPO",21,1,"T","S",NA,"LMR",2019-08-12,"0","0","0","NA",NA,NA,NA
551,"551C","PIPO",21,1,"T","C",NA,"LMR",2019-08-14,"0","NA","NA","1",NA,NA,NA
552,"552S","PIPO",22,1,"T","S",NA,"LMR",2019-08-12,"0","0","0","NA",NA,NA,NA
552,"552C","PIPO",22,1,"T","C",NA,"LMR",2019-08-14,"0","NA","NA","1",NA,NA,NA
553,"553S","PIPO",23,1,"T","S",NA,"LMR",2019-08-12,"0","0","0","NA",NA,NA,NA
553,"553C","PIPO",23,1,"T","C",NA,"LMR",2019-08-14,"0","NA","NA","1",NA,NA,NA
554,"554S","PIPO",24,1,"T","S",NA,"LMR",2019-08-12,"0","0","0","NA",NA,NA,NA
554,"554C","PIPO",24,1,"T","C",NA,"LMR",2019-08-14,"0","NA","NA","1",NA,NA,NA
555,"555S","PIPO",25,1,"T","S",NA,"LMR",2019-08-12,"0","0","0","NA",NA,NA,NA
555,"555C","PIPO",25,1,"T","C",NA,"LMR",2019-08-14,"0","NA","NA","1",NA,NA,NA
556,"556S","PIPO",26,1,"T","S",NA,"LMR",2019-08-12,"0","0","0","NA",NA,NA,NA
556,"556C","PIPO",26,1,"T","C",NA,"LMR",2019-08-14,"0","NA","NA","1",NA,NA,NA
557,"557S","PIPO",27,1,"T","S",NA,"LMR",2019-08-12,"0","0","0","NA",NA,NA,NA
557,"557C","PIPO",27,1,"T","C",NA,"LMR",2019-08-14,"0","NA","NA","1",NA,NA,NA
558,"558S","PIPO",28,1,"T","S",NA,"LMR",2019-08-12,"0","0","0","NA",NA,NA,NA
558,"558C","PIPO",28,1,"T","C",NA,"LMR",2019-08-14,"0","NA","NA","1",NA,NA,NA
559,"559S","PIPO",29,1,"T","S",NA,"LMR",2019-08-12,"0","0","0","NA",NA,NA,NA
559,"559C","PIPO",29,1,"T","C",NA,"LMR",2019-08-14,"0","NA","NA","1",NA,NA,NA
560,"560S","PIPO",30,1,"T","S",NA,"LMR",2019-08-12,"0","0","0","NA",NA,NA,NA
560,"560C","PIPO",30,1,"T","C",NA,"LMR",2019-08-14,"0","NA","NA","1",NA,NA,NA
561,"561S","PIPO",31,1,"T","S",NA,"LMR",2019-08-12,"0","0","0","NA",NA,NA,NA
561,"561C","PIPO",31,1,"T","C",NA,"LMR",2019-08-14,"0","NA","NA","1",NA,NA,NA
562,"562S","PIPO",32,1,"T","S",NA,"LMR",2019-08-12,"0","0","0","NA",NA,NA,NA
562,"562C","PIPO",32,1,"T","C",NA,"LMR",2019-08-14,"0","NA","NA","1",NA,NA,NA
563,"563S","PIPO",1,2,"C","S",NA,"LMR",2019-08-12,"0","0","0","NA",NA,NA,NA
563,"563C","PIPO",1,2,"C","C",NA,"EL",2019-08-14,"0","NA","NA","1",NA,NA,NA
564,"564S","PIPO",2,2,"C","S",NA,"LMR",2019-08-12,"0","0","0","NA",NA,NA,NA
564,"564C","PIPO",2,2,"C","C",NA,"EL",2019-08-14,"0","NA","NA","1",NA,NA,NA
565,"565S","PIPO",5,2,"C","S",NA,"LMR",2019-08-12,"0","0","0","NA",NA,NA,NA
565,"565C","PIPO",5,2,"C","C",NA,"EL",2019-08-14,"0","NA","NA","1",NA,NA,NA
566,"566S","PIPO",6,2,"C","S",NA,"LMR",2019-08-12,"0","0","0","NA",NA,NA,NA
566,"566C","PIPO",6,2,"C","C",NA,"EL",2019-08-14,"0","NA","NA","1",NA,NA,NA
567,"567S","PIPO",9,2,"C","S",NA,"LMR",2019-08-12,"0","0","0","NA",NA,NA,NA
567,"567C","PIPO",9,2,"C","C",NA,"EL",2019-08-14,"0","NA","NA","1",NA,NA,NA
568,"568S","PIPO",13,2,"C","S",NA,"LMR",2019-08-12,"0","0","0","NA",NA,NA,NA
568,"568C","PIPO",13,2,"C","C",NA,"EL",2019-08-14,"0","NA","NA","1",NA,NA,NA
569,"569S","PIPO",17,2,"C","S",NA,"LMR",2019-08-12,"0","0","0","NA",NA,NA,NA
569,"569C","PIPO",17,2,"C","C",NA,"EL",2019-08-14,"0","NA","NA","1",NA,NA,NA
570,"570S","PIPO",21,2,"C","S",NA,"LMR",2019-08-12,"0","0","0","NA",NA,NA,NA
570,"570C","PIPO",21,2,"C","C",NA,"EL",2019-08-14,"0","NA","NA","1",NA,NA,NA
571,"571S","PIPO",25,2,"C","S",NA,"LMR",2019-08-12,"0","0","0","NA",NA,NA,NA
571,"571C","PIPO",25,2,"C","C",NA,"EL",2019-08-14,"0","NA","NA","1",NA,NA,NA
572,"572S","PIPO",29,2,"C","S",NA,"LMR",2019-08-12,"0","0","0","NA",NA,NA,NA
572,"572C","PIPO",29,2,"C","C",NA,"EL",2019-08-14,"0","NA","NA","1",NA,NA,NA
573,"573S","SESE",1,1,"T","S",NA,"LMR",2019-08-11,"NA","NA","NA","NA",NA,NA,"sporangia too low vol"
573,"573C","SESE",1,1,"T","C",NA,"LR",2019-08-13,"0","NA","NA","1",NA,NA,NA
574,"574S","SESE",2,1,"T","S",NA,"LMR",2019-08-11,"1","1","3","NA",NA,NA,NA
574,"574C","SESE",2,1,"T","C",NA,"LR",2019-08-13,"0","NA","NA","1",NA,NA,NA
575,"575S","SESE",3,1,"T","S",NA,"LMR",2019-08-11,"1","0","0","NA",NA,NA,NA
575,"575C","SESE",3,1,"T","C",NA,"LR",2019-08-13,"0","NA","NA","1",NA,NA,NA
576,"576S","SESE",4,1,"T","S",NA,"LMR",2019-08-11,"0","1","2","NA",NA,NA,NA
576,"576C","SESE",4,1,"T","C",NA,"LR",2019-08-13,"0","NA","NA","1",NA,NA,NA
577,"577S","SESE",5,1,"T","S",NA,"LMR",2019-08-11,"0","0","2","NA",NA,NA,NA
577,"577C","SESE",5,1,"T","C",NA,"LR",2019-08-13,"0","NA","NA","1",NA,NA,NA
578,"578S","SESE",6,1,"T","S",NA,"LMR",2019-08-11,"0","0","0","NA",NA,NA,NA
578,"578C","SESE",6,1,"T","C",NA,"LR",2019-08-13,"0","NA","NA","1",NA,NA,NA
579,"579S","SESE",7,1,"T","S",NA,"LMR",2019-08-11,"2","0","0","NA",NA,NA,NA
579,"579C","SESE",7,1,"T","C",NA,"LR",2019-08-13,"0","NA","NA","1",NA,NA,NA
580,"580S","SESE",8,1,"T","S",NA,"LMR",2019-08-11,"5","5","4","NA",NA,NA,"maybe 1 chl. Present but too difficult to discern"
580,"580C","SESE",8,1,"T","C",NA,"LR",2019-08-13,"0","NA","NA","1",NA,NA,NA
581,"581S","SESE",9,1,"T","S",NA,"LMR",2019-08-11,"0","1","3","NA",NA,NA,NA
581,"581C","SESE",9,1,"T","C",NA,"LR",2019-08-13,"0","NA","NA","1",NA,NA,NA
582,"582S","SESE",10,1,"T","S",NA,"LMR",2019-08-11,"1","0","0","NA",NA,NA,NA
582,"582C","SESE",10,1,"T","C",NA,"LR",2019-08-13,"0","NA","NA","1",NA,NA,NA
583,"583S","SESE",11,1,"T","S",NA,"LMR",2019-08-11,"2","0","0","NA",NA,NA,NA
583,"583C","SESE",11,1,"T","C",NA,"LR",2019-08-13,"0","NA","NA","1",NA,NA,NA
584,"584S","SESE",12,1,"T","S",NA,"LMR",2019-08-11,"2","0","2","NA",NA,NA,NA
584,"584C","SESE",12,1,"T","C",NA,"LR",2019-08-13,"0","NA","NA","1",NA,NA,NA
585,"585S","SESE",13,1,"T","S",NA,"LMR",2019-08-11,"0","1","0","NA",NA,NA,NA
585,"585C","SESE",13,1,"T","C",NA,"LR",2019-08-13,"0","NA","NA","1",NA,NA,NA
586,"586S","SESE",14,1,"T","S",NA,"LMR",2019-08-11,"2","0","1","NA",NA,NA,NA
586,"586C","SESE",14,1,"T","C",NA,"LR",2019-08-13,"0","NA","NA","1",NA,NA,NA
587,"587S","SESE",15,1,"T","S",NA,"LMR",2019-08-11,"3","0","4","NA",NA,NA,NA
587,"587C","SESE",15,1,"T","C",NA,"LR",2019-08-13,"0","NA","NA","1",NA,NA,NA
588,"588S","SESE",16,1,"T","S",NA,"LMR",2019-08-11,"0","0","2","NA",NA,NA,NA
588,"588C","SESE",16,1,"T","C",NA,"LR",2019-08-13,"0","NA","NA","1",NA,NA,NA
589,"589S","SESE",17,1,"T","S",NA,"LMR",2019-08-11,"11","9","6","NA",NA,NA,"sporangia pres but no chl"
589,"589C","SESE",17,1,"T","C",NA,"LR",2019-08-13,"0","NA","NA","1",NA,NA,NA
590,"590S","SESE",18,1,"T","S",NA,"LMR",2019-08-11,"2","1","0","NA",NA,NA,NA
590,"590C","SESE",18,1,"T","C",NA,"LR",2019-08-13,"0","NA","NA","1",NA,NA,NA
591,"591S","SESE",19,1,"T","S",NA,"LMR",2019-08-11,"0","1","0","NA",NA,NA,NA
591,"591C","SESE",19,1,"T","C",NA,"LR",2019-08-13,"0","NA","NA","1",NA,NA,NA
592,"592S","SESE",20,1,"T","S",NA,"LMR",2019-08-11,"2","2","3","NA",NA,NA,NA
592,"592C","SESE",20,1,"T","C",NA,"LR",2019-08-13,"0","NA","NA","1",NA,NA,NA
593,"593S","SESE",21,1,"T","S",NA,"LMR",2019-08-11,"1","1","0","NA",NA,NA,NA
593,"593C","SESE",21,1,"T","C",NA,"LR",2019-08-13,"0","NA","NA","1",NA,NA,NA
594,"594S","SESE",22,1,"T","S",NA,"LMR",2019-08-11,"0","1","0","NA",NA,NA,NA
594,"594C","SESE",22,1,"T","C",NA,"LR",2019-08-13,"0","NA","NA","1",NA,NA,NA
595,"595S","SESE",23,1,"T","S",NA,"LMR",2019-08-11,"0","0","0","NA",NA,NA,NA
595,"595C","SESE",23,1,"T","C",NA,"LR",2019-08-13,"0","NA","NA","1",NA,NA,NA
596,"596S","SESE",24,1,"T","S",NA,"LMR",2019-08-11,"0","1","0","NA",NA,NA,NA
596,"596C","SESE",24,1,"T","C",NA,"LR",2019-08-13,"0","NA","NA","1",NA,NA,NA
597,"597S","SESE",25,1,"T","S",NA,"LMR",2019-08-11,"0","1","0","NA",NA,NA,NA
597,"597C","SESE",25,1,"T","C",NA,"LR",2019-08-13,"0","NA","NA","1",NA,NA,NA
598,"598S","SESE",26,1,"T","S",NA,"LMR",2019-08-11,"0","0","0","NA",NA,NA,"maybe chl hard to tell"
598,"598C","SESE",26,1,"T","C",NA,"LR",2019-08-13,"0","NA","NA","1",NA,NA,NA
599,"599S","SESE",27,1,"T","S",NA,"LMR",2019-08-11,"1","1","1","NA",NA,NA,NA
599,"599C","SESE",27,1,"T","C",NA,"LR",2019-08-13,"0","NA","NA","1",NA,NA,NA
600,"600S","SESE",28,1,"T","S",NA,"LMR",2019-08-11,"2","2","1","NA",NA,NA,NA
600,"600C","SESE",28,1,"T","C",NA,"LR",2019-08-13,"0","NA","NA","1",NA,NA,NA
601,"601S","SESE",29,1,"T","S",NA,"LMR",2019-08-11,"4","3","4","NA",NA,NA,NA
601,"601C","SESE",29,1,"T","C",NA,"LR",2019-08-13,"0","NA","NA","1",NA,NA,NA
602,"602S","SESE",30,1,"T","S",NA,"LMR",2019-08-11,"3","3","4","NA",NA,NA,NA
602,"602C","SESE",30,1,"T","C",NA,"LR",2019-08-13,"0","NA","NA","1",NA,NA,NA
603,"603S","SESE",31,1,"T","S",NA,"LMR",2019-08-11,"0","0","0","NA",NA,NA,"oogonium looking cell"
603,"603C","SESE",31,1,"T","C",NA,"LR",2019-08-13,"0","NA","NA","1",NA,NA,NA
604,"604S","SESE",32,1,"T","S",NA,"LMR",2019-08-11,"0","0","0","NA",NA,NA,NA
604,"604C","SESE",32,1,"T","C",NA,"LR",2019-08-13,"0","NA","NA","1",NA,NA,NA
605,"605S","SESE",1,2,"C","S",NA,"LMR",2019-08-12,"0","0","0","NA",NA,NA,NA
605,"605C","SESE",1,2,"C","C",NA,"LR",2019-08-14,"0","NA","NA","1",NA,NA,NA
606,"606S","SESE",2,2,"C","S",NA,"LMR",2019-08-12,"0","0","0","NA",NA,NA,"lesion on 1 lf, plated as A2, no growth on parp."
606,"606C","SESE",2,2,"C","C",NA,"LR",2019-08-14,"0","NA","NA","1",NA,NA,NA
607,"607S","SESE",5,2,"C","S",NA,"LMR",2019-08-12,"0","0","0","NA",NA,NA,NA
607,"607C","SESE",5,2,"C","C",NA,"LR",2019-08-14,"0","NA","NA","1",NA,NA,NA
608,"608S","SESE",6,2,"C","S",NA,"LMR",2019-08-12,"0","0","0","NA",NA,NA,"maybe 1 sporangia? Hard to tell"
608,"608C","SESE",6,2,"C","C",NA,"LR",2019-08-14,"0","NA","NA","1",NA,NA,NA
609,"609S","SESE",9,2,"C","S",NA,"LMR",2019-08-12,"0","0","0","NA",NA,NA,NA
609,"609C","SESE",9,2,"C","C",NA,"LR",2019-08-14,"0","NA","NA","1",NA,NA,NA
610,"610S","SESE",13,2,"C","S",NA,"LMR",2019-08-12,"0","0","1","NA",NA,NA,"photo taken. Counted 9 times: 001000000"
610,"610C","SESE",13,2,"C","C",NA,"LR",2019-08-14,"0","NA","NA","1",NA,NA,NA
611,"611S","SESE",17,2,"C","S",NA,"LMR",2019-08-12,"0","0","0","NA",NA,NA,NA
611,"611C","SESE",17,2,"C","C",NA,"LR",2019-08-14,"0","NA","NA","1",NA,NA,NA
612,"612S","SESE",21,2,"C","S",NA,"LMR",2019-08-12,"0","0","0","NA",NA,NA,"lesion in uninoculated area"
612,"612C","SESE",21,2,"C","C",NA,"LR",2019-08-14,"0","NA","NA","1",NA,NA,NA
613,"613S","SESE",25,2,"C","S",NA,"LMR",2019-08-12,"0","0","0","NA",NA,NA,NA
613,"613C","SESE",25,2,"C","C",NA,"LR",2019-08-14,"0","NA","NA","1",NA,NA,NA
614,"614S","SESE",29,2,"C","S",NA,"LMR",2019-08-12,"0","0","0","NA",NA,NA,NA
614,"614C","SESE",29,2,"C","C",NA,"LR",2019-08-14,"0","NA","NA","1",NA,NA,NA
615,"615S","PSME",1,1,"T","S",NA,"LMR",2019-08-10,"0","0","0","NA",NA,NA,NA
615,"615C","PSME",1,1,"T","C",NA,"SF",2019-08-13,"0","NA","NA","1",NA,NA,NA
616,"616S","PSME",2,1,"T","S",NA,"LMR",2019-08-10,"0","0","0","NA",NA,NA,NA
616,"616C","PSME",2,1,"T","C",NA,"SF",2019-08-13,"0","NA","NA","1",NA,NA,NA
617,"617S","PSME",3,1,"T","S",NA,"LMR",2019-08-10,"0","0","0","NA",NA,NA,NA
617,"617C","PSME",3,1,"T","C",NA,"SF",2019-08-13,"36","NA","NA","1",NA,NA,NA
618,"618S","PSME",4,1,"T","S",NA,"LMR",2019-08-10,"0","0","0","NA",NA,NA,NA
618,"618C","PSME",4,1,"T","C",NA,"SF",2019-08-13,"0","NA","NA","1",NA,NA,NA
619,"619S","PSME",5,1,"T","S",NA,"LMR",2019-08-10,"0","0","0","NA",NA,NA,NA
619,"619C","PSME",5,1,"T","C",NA,"SF",2019-08-13,"8","NA","NA","1",NA,NA,NA
620,"620S","PSME",6,1,"T","S",NA,"LMR",2019-08-10,"0","0","2","NA",NA,NA,NA
620,"620C","PSME",6,1,"T","C",NA,"SF",2019-08-13,"2","NA","NA","1",NA,NA,NA
621,"621S","PSME",7,1,"T","S",NA,"LMR",2019-08-10,"0","0","0","NA",NA,NA,NA
621,"621C","PSME",7,1,"T","C",NA,"SF",2019-08-13,"0","NA","NA","1",NA,NA,NA
622,"622S","PSME",8,1,"T","S",NA,"LMR",2019-08-10,"2","2","2","NA",NA,NA,NA
622,"622C","PSME",8,1,"T","C",NA,"SF",2019-08-13,"0","NA","NA","1",NA,NA,NA
623,"623S","PSME",9,1,"T","S",NA,"LMR",2019-08-10,"4","8","11","NA",NA,NA,NA
623,"623C","PSME",9,1,"T","C",NA,"SF",2019-08-13,"62","NA","NA","1",NA,NA,NA
624,"624S","PSME",10,1,"T","S",NA,"LMR",2019-08-10,"0","1","2","NA",NA,NA,NA
624,"624C","PSME",10,1,"T","C",NA,"SF",2019-08-13,"68","NA","NA","1",NA,NA,NA
625,"625S","PSME",11,1,"T","S",NA,"LMR",2019-08-10,"0","0","0","NA",NA,NA,NA
625,"625C","PSME",11,1,"T","C",NA,"SF",2019-08-13,"43","NA","NA","1",NA,NA,NA
626,"626S","PSME",12,1,"T","S",NA,"LMR",2019-08-10,"0","0","0","NA",NA,NA,NA
626,"626C","PSME",12,1,"T","C",NA,"SF",2019-08-13,"13","NA","NA","1",NA,NA,NA
627,"627S","PSME",13,1,"T","S",NA,"LMR",2019-08-10,"3","1","7","NA",NA,NA,NA
627,"627C","PSME",13,1,"T","C",NA,"SF",2019-08-13,"0","NA","NA","1",NA,NA,NA
628,"628S","PSME",14,1,"T","S",NA,"LMR",2019-08-10,"0","0","0","NA",NA,NA,NA
628,"628C","PSME",14,1,"T","C",NA,"SF",2019-08-13,"0","NA","NA","1",NA,NA,NA
629,"629S","PSME",15,1,"T","S",NA,"LMR",2019-08-10,"2","1","1","NA",NA,NA,NA
629,"629C","PSME",15,1,"T","C",NA,"SF",2019-08-13,"14","NA","NA","1",NA,NA,NA
630,"630S","PSME",16,1,"T","S",NA,"LMR",2019-08-10,"3","2","1","NA",NA,NA,NA
630,"630C","PSME",16,1,"T","C",NA,"SF",2019-08-13,"0","NA","NA","1",NA,NA,NA
631,"631S","PSME",17,1,"T","S",NA,"LMR",2019-08-11,"0","0","1","NA",NA,NA,NA
631,"631C","PSME",17,1,"T","C",NA,"SF",2019-08-13,"0","NA","NA","1",NA,NA,NA
632,"632S","PSME",18,1,"T","S",NA,"LMR",2019-08-11,"2","0","0","NA",NA,NA,NA
632,"632C","PSME",18,1,"T","C",NA,"SF",2019-08-13,"0","NA","NA","1",NA,NA,NA
633,"633S","PSME",19,1,"T","S",NA,"LMR",2019-08-11,"0","0","0","NA",NA,NA,NA
633,"633C","PSME",19,1,"T","C",NA,"SF",2019-08-13,"0","NA","NA","1",NA,NA,NA
634,"634S","PSME",20,1,"T","S",NA,"LMR",2019-08-11,"0","0","0","NA",NA,NA,NA
634,"634C","PSME",20,1,"T","C",NA,"SF",2019-08-13,"0","NA","NA","1",NA,NA,NA
635,"635S","PSME",21,1,"T","S",NA,"LMR",2019-08-11,"2","0","0","NA",NA,NA,NA
635,"635C","PSME",21,1,"T","C",NA,"SF",2019-08-13,"0","NA","NA","1",NA,NA,NA
636,"636S","PSME",22,1,"T","S",NA,"LMR",2019-08-11,"0","0","2","NA",NA,NA,NA
636,"636C","PSME",22,1,"T","C",NA,"SF",2019-08-13,"0","NA","NA","1",NA,NA,NA
637,"637S","PSME",23,1,"T","S",NA,"LMR",2019-08-11,"0","0","0","NA",NA,NA,NA
637,"637C","PSME",23,1,"T","C",NA,"SF",2019-08-13,"0","NA","NA","1",NA,NA,NA
638,"638S","PSME",24,1,"T","S",NA,"LMR",2019-08-11,"0","0","1","NA",NA,NA,NA
638,"638C","PSME",24,1,"T","C",NA,"SF",2019-08-13,"13","NA","NA","1",NA,NA,NA
639,"639S","PSME",25,1,"T","S",NA,"LMR",2019-08-11,"0","0","0","NA",NA,NA,NA
639,"639C","PSME",25,1,"T","C",NA,"SF",2019-08-13,"160","NA","NA","1",NA,NA,NA
640,"640S","PSME",26,1,"T","S",NA,"LMR",2019-08-11,"9","5","6","NA",NA,NA,NA
640,"640C","PSME",26,1,"T","C",NA,"SF",2019-08-13,"91","NA","NA","1",NA,NA,NA
641,"641S","PSME",27,1,"T","S",NA,"LMR",2019-08-11,"0","0","0","NA",NA,NA,NA
641,"641C","PSME",27,1,"T","C",NA,"SF",2019-08-13,"14","NA","NA","1",NA,NA,NA
642,"642S","PSME",28,1,"T","S",NA,"LMR",2019-08-11,"1","0","0","NA",NA,NA,NA
642,"642C","PSME",28,1,"T","C",NA,"SF",2019-08-13,"22","NA","NA","1",NA,NA,NA
643,"643S","PSME",29,1,"T","S",NA,"LMR",2019-08-11,"2","0","1","NA",NA,NA,NA
643,"643C","PSME",29,1,"T","C",NA,"SF",2019-08-13,"0","NA","NA","1",NA,NA,NA
644,"644S","PSME",30,1,"T","S",NA,"LMR",2019-08-11,"2","5","6","NA",NA,NA,NA
644,"644C","PSME",30,1,"T","C",NA,"SF",2019-08-13,"0","NA","NA","1",NA,NA,NA
645,"645S","PSME",31,1,"T","S",NA,"LMR",2019-08-11,"2","0","0","NA",NA,NA,NA
645,"645C","PSME",31,1,"T","C",NA,"SF",2019-08-13,"0","NA","NA","1",NA,NA,NA
646,"646S","PSME",32,1,"T","S",NA,"LMR",2019-08-11,"1","2","2","NA",NA,NA,NA
646,"646C","PSME",32,1,"T","C",NA,"SF",2019-08-13,"0","NA","NA","1",NA,NA,NA
647,"647S","PSME",1,2,"C","S",NA,"LMR",2019-08-12,"0","0","0","NA",NA,NA,NA
647,"647C","PSME",1,2,"C","C",NA,"SF",2019-08-13,"0","NA","NA","1",NA,NA,NA
648,"648S","PSME",2,2,"C","S",NA,"LMR",2019-08-12,"0","0","0","NA",NA,NA,NA
648,"648C","PSME",2,2,"C","C",NA,"SF",2019-08-13,"0","NA","NA","1",NA,NA,NA
649,"649S","PSME",5,2,"C","S",NA,"LMR",2019-08-12,"0","0","0","NA",NA,NA,NA
649,"649C","PSME",5,2,"C","C",NA,"SF",2019-08-13,"0","NA","NA","1",NA,NA,NA
650,"650S","PSME",6,2,"C","S",NA,"LMR",2019-08-12,"0","0","0","NA",NA,NA,NA
650,"650C","PSME",6,2,"C","C",NA,"SF",2019-08-13,"0","NA","NA","1",NA,NA,NA
651,"651S","PSME",9,2,"C","S",NA,"LMR",2019-08-12,"0","0","0","NA",NA,NA,NA
651,"651C","PSME",9,2,"C","C",NA,"SF",2019-08-13,"0","NA","NA","1",NA,NA,NA
652,"652S","PSME",13,2,"C","S",NA,"LMR",2019-08-12,"0","0","0","NA",NA,NA,NA
652,"652C","PSME",13,2,"C","C",NA,"SF",2019-08-13,"0","NA","NA","1",NA,NA,NA
653,"653S","PSME",17,2,"C","S",NA,"LMR",2019-08-12,"0","0","0","NA",NA,NA,NA
653,"653C","PSME",17,2,"C","C",NA,"SF",2019-08-13,"0","NA","NA","1",NA,NA,NA
654,"654S","PSME",21,2,"C","S",NA,"LMR",2019-08-12,"0","0","0","NA",NA,NA,NA
654,"654C","PSME",21,2,"C","C",NA,"SF",2019-08-13,"0","NA","NA","1",NA,NA,NA
655,"655S","PSME",25,2,"C","S",NA,"LMR",2019-08-12,"0","0","0","NA",NA,NA,NA
655,"655C","PSME",25,2,"C","C",NA,"SF",2019-08-13,"0","NA","NA","1",NA,NA,NA
656,"656S","PSME",29,2,"C","S",NA,"LMR",2019-08-12,"0","0","0","NA",NA,NA,NA
656,"656C","PSME",29,2,"C","C",NA,"SF",2019-08-13,"0","NA","NA","1",NA,NA,NA
657,"657S","UMCAD",1,1,"T","S",NA,"LMR",2019-08-09,"6","3","2","NA",NA,NA,NA
657,"657C","UMCAD",1,1,"T","C",NA,"NA",NA,"NA","NA","NA","NA",NA,NA,NA
658,"658S","UMCAD",2,1,"T","S",NA,"LMR",2019-08-09,"1","0","0","NA",NA,NA,"knobby spores"
658,"658C","UMCAD",2,1,"T","C",NA,"NA",NA,"NA","NA","NA","NA",NA,NA,NA
659,"659S","UMCAD",3,1,"T","S",NA,"LMR",2019-08-09,"31","17","18","NA",NA,NA,"lots of almost sporangi"
659,"659C","UMCAD",3,1,"T","C",NA,"NA",NA,"NA","NA","NA","NA",NA,NA,NA
660,"660S","UMCAD",4,1,"T","S",NA,"LMR",2019-08-09,"NA","NA","NA","NA",NA,NA,"too goopy"
660,"660C","UMCAD",4,1,"T","C",NA,"NA",NA,"NA","NA","NA","NA",NA,NA,NA
661,"661S","UMCAD",5,1,"T","S",NA,"LMR",2019-08-09,"2","1","1","NA",NA,NA,"not well inoculated, only tip"
661,"661C","UMCAD",5,1,"T","C",NA,"NA",NA,"NA","NA","NA","NA",NA,NA,"not well inoculated, only tip"
662,"662S","UMCAD",6,1,"T","S",NA,"LMR",2019-08-09,"1","6","1","NA",NA,NA,"knobby spores"
662,"662C","UMCAD",6,1,"T","C",NA,"NA",NA,"NA","NA","NA","NA",NA,NA,NA
663,"663S","UMCAD",7,1,"T","S",NA,"LMR",2019-08-09,"6","3","3","NA",NA,NA,NA
663,"663C","UMCAD",7,1,"T","C",NA,"NA",NA,"NA","NA","NA","NA",NA,NA,NA
664,"664S","UMCAD",8,1,"T","S",NA,"LMR",2019-08-09,"0","0","0","NA",NA,NA,"knobby"
664,"664C","UMCAD",8,1,"T","C",NA,"NA",NA,"NA","NA","NA","NA",NA,NA,NA
665,"665S","UMCAD",9,1,"T","S",NA,"LMR",2019-08-09,"0","1","3","NA",NA,NA,"knobby"
665,"665C","UMCAD",9,1,"T","C",NA,"NA",NA,"NA","NA","NA","NA",NA,NA,NA
666,"666S","UMCAD",10,1,"T","S",NA,"LMR",2019-08-09,"0","1","0","NA",NA,NA,"goopy and knobby"
666,"666C","UMCAD",10,1,"T","C",NA,"NA",NA,"NA","NA","NA","NA",NA,NA,NA
667,"667S","UMCAD",1,2,"C","S",NA,"LMR",2019-08-09,"0","0","0","NA",NA,NA,NA
667,"667C","UMCAD",1,2,"C","C",NA,"NA",NA,"NA","NA","NA","NA",NA,NA,NA
668,"668S","UMCAD",2,2,"C","S",NA,"LMR",2019-08-09,"0","0","0","NA",NA,NA,NA
668,"668C","UMCAD",2,2,"C","C",NA,"NA",NA,"NA","NA","NA","NA",NA,NA,NA
669,"669S","UMCAD",3,2,"C","S",NA,"LMR",2019-08-09,"0","0","0","NA",NA,NA,NA
669,"669C","UMCAD",3,2,"C","C",NA,"NA",NA,"NA","NA","NA","NA",NA,NA,NA
670,"670S","UMCAD",4,2,"C","S",NA,"LMR",2019-08-09,"0","0","0","NA",NA,NA,NA
670,"670C","UMCAD",4,2,"C","C",NA,"NA",NA,"NA","NA","NA","NA",NA,NA,NA
671,"671S","UMCAD",5,2,"C","S",NA,"LMR",2019-08-09,"0","0","0","NA",NA,NA,NA
671,"671C","UMCAD",5,2,"C","C",NA,"NA",NA,"NA","NA","NA","NA",NA,NA,NA
672,"672S","UMCAD",6,2,"C","S",NA,"LMR",2019-08-09,"0","0","0","NA",NA,NA,NA
672,"672C","UMCAD",6,2,"C","C",NA,"NA",NA,"NA","NA","NA","NA",NA,NA,NA
673,"673S","UMCAD",7,2,"C","S",NA,"LMR",2019-08-09,"0","0","0","NA",NA,NA,NA
673,"673C","UMCAD",7,2,"C","C",NA,"NA",NA,"NA","NA","NA","NA",NA,NA,NA
674,"674S","UMCAD",8,2,"C","S",NA,"LMR",2019-08-09,"0","0","0","NA",NA,NA,NA
674,"674C","UMCAD",8,2,"C","C",NA,"NA",NA,"NA","NA","NA","NA",NA,NA,NA
675,"675S","UMCAD",9,2,"C","S",NA,"LMR",2019-08-09,"0","0","0","NA",NA,NA,NA
675,"675C","UMCAD",9,2,"C","C",NA,"NA",NA,"NA","NA","NA","NA",NA,NA,NA
676,"676S","UMCAD",10,2,"C","S",NA,"LMR",2019-08-09,"0","0","0","NA",NA,NA,NA
676,"676C","UMCAD",10,2,"C","C",NA,"NA",NA,"NA","NA","NA","NA",NA,NA,NA
677,"677S","LIDED",1,1,"T","S",NA,"LMR",2019-08-09,"16","32","25","NA",NA,NA,NA
677,"677C","LIDED",1,1,"T","C",NA,"NA",NA,"NA","NA","NA","NA",NA,NA,NA
678,"678S","LIDED",2,1,"T","S",NA,"LMR",2019-08-09,"116","100","53","NA",NA,NA,NA
678,"678C","LIDED",2,1,"T","C",NA,"NA",NA,"NA","NA","NA","NA",NA,NA,NA
679,"679S","LIDED",3,1,"T","S",NA,"LMR",2019-08-09,"0","0","0","NA",NA,NA,"not well inoculated, only tip"
679,"679C","LIDED",3,1,"T","C",NA,"LMR",2019-08-14,"0","NA","NA","1",NA,NA,NA
680,"680S","LIDED",4,1,"T","S",NA,"LMR",2019-08-09,"0","1","0","NA",NA,NA,NA
680,"680C","LIDED",4,1,"T","C",NA,"LMR",2019-08-14,"4","NA","NA","1",NA,NA,NA
681,"681S","LIDED",5,1,"T","S",NA,"LMR",2019-08-09,"1","1","2","NA",NA,NA,NA
681,"681C","LIDED",5,1,"T","C",NA,"LMR",2019-08-14,"0","NA","NA","1",NA,NA,NA
682,"682S","LIDED",6,1,"T","S",NA,"LMR",2019-08-09,"3","2","2","NA",NA,NA,NA
682,"682C","LIDED",6,1,"T","C",NA,"LMR",2019-08-14,"2","NA","NA","1",NA,NA,NA
683,"683S","LIDED",7,1,"T","S",NA,"LMR",2019-08-09,"15","27","17","NA",NA,NA,NA
683,"683C","LIDED",7,1,"T","C",NA,"LMR",2019-08-14,"1","NA","NA","1",NA,NA,NA
684,"684S","LIDED",8,1,"T","S",NA,"LMR",2019-08-09,"0","1","2","NA",NA,NA,NA
684,"684C","LIDED",8,1,"T","C",NA,"LMR",2019-08-14,"5","NA","NA","1",NA,NA,NA
685,"685S","LIDED",9,1,"T","S",NA,"LMR",2019-08-09,"9","20","14","NA",NA,NA,NA
685,"685C","LIDED",9,1,"T","C",NA,"LMR",2019-08-14,"0","NA","NA","1",NA,NA,NA
686,"686S","LIDED",10,1,"T","S",NA,"LMR",2019-08-09,"0","0","0","NA",NA,NA,NA
686,"686C","LIDED",10,1,"T","C",NA,"LMR",2019-08-14,"0","NA","NA","1",NA,NA,NA
687,"687S","LIDED",1,2,"C","S",NA,"LMR",2019-08-09,"0","0","0","NA",NA,NA,NA
687,"687C","LIDED",1,2,"C","C",NA,"LMR",2019-08-15,"0","NA","NA","1",NA,NA,NA
688,"688S","LIDED",2,2,"C","S",NA,"LMR",2019-08-09,"0","0","0","NA",NA,NA,NA
688,"688C","LIDED",2,2,"C","C",NA,"LMR",2019-08-15,"0","NA","NA","1",NA,NA,NA
689,"689S","LIDED",3,2,"C","S",NA,"LMR",2019-08-09,"0","0","0","NA",NA,NA,NA
689,"689C","LIDED",3,2,"C","C",NA,"LMR",2019-08-15,"0","NA","NA","1",NA,NA,NA
690,"690S","LIDED",4,2,"C","S",NA,"LMR",2019-08-09,"0","0","0","NA",NA,NA,NA
690,"690C","LIDED",4,2,"C","C",NA,"LMR",2019-08-15,"0","NA","NA","1",NA,NA,NA
691,"691S","LIDED",5,2,"C","S",NA,"LMR",2019-08-09,"0","0","0","NA",NA,NA,NA
691,"691C","LIDED",5,2,"C","C",NA,"LMR",2019-08-15,"0","NA","NA","1",NA,NA,NA
692,"692S","LIDED",6,2,"C","S",NA,"LMR",2019-08-09,"0","0","0","NA",NA,NA,NA
692,"692C","LIDED",6,2,"C","C",NA,"LMR",2019-08-15,"0","NA","NA","1",NA,NA,NA
693,"693S","LIDED",7,2,"C","S",NA,"LMR",2019-08-09,"0","0","0","NA",NA,NA,NA
693,"693C","LIDED",7,2,"C","C",NA,"LMR",2019-08-15,"0","NA","NA","1",NA,NA,NA
694,"694S","LIDED",8,2,"C","S",NA,"LMR",2019-08-09,"0","0","0","NA",NA,NA,NA
694,"694C","LIDED",8,2,"C","C",NA,"LMR",2019-08-15,"0","NA","NA","1",NA,NA,NA
695,"695S","LIDED",9,2,"C","S",NA,"LMR",2019-08-09,"0","0","0","NA",NA,NA,NA
695,"695C","LIDED",9,2,"C","C",NA,"LMR",2019-08-15,"8","NA","NA","1",NA,NA,NA
696,"696S","LIDED",10,2,"C","S",NA,"LMR",2019-08-09,"0","0","0","NA",NA,NA,NA
696,"696C","LIDED",10,2,"C","C",NA,"LMR",2019-08-15,"4","NA","NA","1",NA,NA,NA
