"leafID","leafID2","species","ind","trt","spore_assay","processor","symptoms","sp_viable","inf_viable","counter","date_counted","count1","count2","count3","count4","vol1","vol2","vol3","vol4","lesion_size","notes"
1,"1S","ACMA",1,"T","S",,,,,,,,,,,,,,,,
1,"1C","ACMA",1,"T","C",,,,,,,,,,,,,,,,
2,"2S","ACMA",2,"T","S",,,,,,,,,,,,,,,,
2,"2C","ACMA",2,"T","C",,,,,,,,,,,,,,,,
3,"3S","ACMA",3,"T","S",,,,,,,,,,,,,,,,
3,"3C","ACMA",3,"T","C",,,,,,,,,,,,,,,,
4,"4S","ACMA",4,"T","S",,,,,,,,,,,,,,,,
4,"4C","ACMA",4,"T","C",,,,,,,,,,,,,,,,
5,"5S","ACMA",5,"T","S",,,,,,,,,,,,,,,,
5,"5C","ACMA",5,"T","C",,,,,,,,,,,,,,,,
6,"6S","ACMA",6,"T","S",,,,,,,,,,,,,,,,
6,"6C","ACMA",6,"T","C",,,,,,,,,,,,,,,,
7,"7S","ACMA",7,"T","S",,,,,,,,,,,,,,,,
7,"7C","ACMA",7,"T","C",,,,,,,,,,,,,,,,
8,"8S","ACMA",8,"T","S",,,,,,,,,,,,,,,,
8,"8C","ACMA",8,"T","C",,,,,,,,,,,,,,,,
9,"9S","ACMA",9,"T","S",,,,,,,,,,,,,,,,
9,"9C","ACMA",9,"T","C",,,,,,,,,,,,,,,,
10,"10S","ACMA",10,"T","S",,,,,,,,,,,,,,,,
10,"10C","ACMA",10,"T","C",,,,,,,,,,,,,,,,
11,"11S","ACMA",11,"T","S",,,,,,,,,,,,,,,,
11,"11C","ACMA",11,"T","C",,,,,,,,,,,,,,,,
12,"12S","ACMA",12,"T","S",,,,,,,,,,,,,,,,
12,"12C","ACMA",12,"T","C",,,,,,,,,,,,,,,,
13,"13S","ACMA",13,"T","S",,,,,,,,,,,,,,,,
13,"13C","ACMA",13,"T","C",,,,,,,,,,,,,,,,
14,"14S","ACMA",14,"T","S",,,,,,,,,,,,,,,,
14,"14C","ACMA",14,"T","C",,,,,,,,,,,,,,,,
15,"15S","ACMA",15,"T","S",,,,,,,,,,,,,,,,
15,"15C","ACMA",15,"T","C",,,,,,,,,,,,,,,,
16,"16S","ACMA",16,"T","S",,,,,,,,,,,,,,,,
16,"16C","ACMA",16,"T","C",,,,,,,,,,,,,,,,
17,"17S","ACMA",17,"T","S",,,,,,,,,,,,,,,,
17,"17C","ACMA",17,"T","C",,,,,,,,,,,,,,,,
18,"18S","ACMA",18,"T","S",,,,,,,,,,,,,,,,
18,"18C","ACMA",18,"T","C",,,,,,,,,,,,,,,,
19,"19S","ACMA",19,"T","S",,,,,,,,,,,,,,,,
19,"19C","ACMA",19,"T","C",,,,,,,,,,,,,,,,
20,"20S","ACMA",20,"T","S",,,,,,,,,,,,,,,,
20,"20C","ACMA",20,"T","C",,,,,,,,,,,,,,,,
21,"21S","ACMA",21,"T","S",,,,,,,,,,,,,,,,
21,"21C","ACMA",21,"T","C",,,,,,,,,,,,,,,,
22,"22S","ACMA",22,"T","S",,,,,,,,,,,,,,,,
22,"22C","ACMA",22,"T","C",,,,,,,,,,,,,,,,
23,"23S","ACMA",23,"T","S",,,,,,,,,,,,,,,,
23,"23C","ACMA",23,"T","C",,,,,,,,,,,,,,,,
24,"24S","ACMA",24,"T","S",,,,,,,,,,,,,,,,
24,"24C","ACMA",24,"T","C",,,,,,,,,,,,,,,,
25,"25S","ACMA",25,"T","S",,,,,,,,,,,,,,,,
25,"25C","ACMA",25,"T","C",,,,,,,,,,,,,,,,
26,"26S","ACMA",26,"T","S",,,,,,,,,,,,,,,,
26,"26C","ACMA",26,"T","C",,,,,,,,,,,,,,,,
27,"27S","ACMA",27,"T","S",,,,,,,,,,,,,,,,
27,"27C","ACMA",27,"T","C",,,,,,,,,,,,,,,,
28,"28S","ACMA",28,"T","S",,,,,,,,,,,,,,,,
28,"28C","ACMA",28,"T","C",,,,,,,,,,,,,,,,
29,"29S","ACMA",29,"T","S",,,,,,,,,,,,,,,,
29,"29C","ACMA",29,"T","C",,,,,,,,,,,,,,,,
30,"30S","ACMA",30,"T","S",,,,,,,,,,,,,,,,
30,"30C","ACMA",30,"T","C",,,,,,,,,,,,,,,,
31,"31S","ACMA",31,"T","S",,,,,,,,,,,,,,,,
31,"31C","ACMA",31,"T","C",,,,,,,,,,,,,,,,
32,"32S","ACMA",32,"T","S",,,,,,,,,,,,,,,,
32,"32C","ACMA",32,"T","C",,,,,,,,,,,,,,,,
33,"33S","ACMA",1,"C","S",,,,,,,,,,,,,,,,
33,"33C","ACMA",1,"C","C",,,,,,,,,,,,,,,,
34,"34S","ACMA",2,"C","S",,,,,,,,,,,,,,,,
34,"34C","ACMA",2,"C","C",,,,,,,,,,,,,,,,
35,"35S","ACMA",9,"C","S",,,,,,,,,,,,,,,,
35,"35C","ACMA",9,"C","C",,,,,,,,,,,,,,,,
36,"36S","ACMA",10,"C","S",,,,,,,,,,,,,,,,
36,"36C","ACMA",10,"C","C",,,,,,,,,,,,,,,,
37,"37S","ACMA",17,"C","S",,,,,,,,,,,,,,,,
37,"37C","ACMA",17,"C","C",,,,,,,,,,,,,,,,
38,"38S","ACMA",18,"C","S",,,,,,,,,,,,,,,,
38,"38C","ACMA",18,"C","C",,,,,,,,,,,,,,,,
39,"39S","ACMA",25,"C","S",,,,,,,,,,,,,,,,
39,"39C","ACMA",25,"C","C",,,,,,,,,,,,,,,,
40,"40S","ACMA",26,"C","S",,,,,,,,,,,,,,,,
40,"40C","ACMA",26,"C","C",,,,,,,,,,,,,,,,
41,"41S","ACMA",29,"C","S",,,,,,,,,,,,,,,,
41,"41C","ACMA",29,"C","C",,,,,,,,,,,,,,,,
42,"42S","ACMA",30,"C","S",,,,,,,,,,,,,,,,
42,"42C","ACMA",30,"C","C",,,,,,,,,,,,,,,,
43,"43S","ARME",1,"T","S",,,,,,,,,,,,,,,,
43,"43C","ARME",1,"T","C",,,,,,,,,,,,,,,,
44,"44S","ARME",2,"T","S",,,,,,,,,,,,,,,,
44,"44C","ARME",2,"T","C",,,,,,,,,,,,,,,,
45,"45S","ARME",3,"T","S",,,,,,,,,,,,,,,,
45,"45C","ARME",3,"T","C",,,,,,,,,,,,,,,,
46,"46S","ARME",4,"T","S",,,,,,,,,,,,,,,,
46,"46C","ARME",4,"T","C",,,,,,,,,,,,,,,,
47,"47S","ARME",5,"T","S",,,,,,,,,,,,,,,,
47,"47C","ARME",5,"T","C",,,,,,,,,,,,,,,,
48,"48S","ARME",6,"T","S",,,,,,,,,,,,,,,,
48,"48C","ARME",6,"T","C",,,,,,,,,,,,,,,,
49,"49S","ARME",7,"T","S",,,,,,,,,,,,,,,,
49,"49C","ARME",7,"T","C",,,,,,,,,,,,,,,,
50,"50S","ARME",8,"T","S",,,,,,,,,,,,,,,,
50,"50C","ARME",8,"T","C",,,,,,,,,,,,,,,,
51,"51S","ARME",9,"T","S",,,,,,,,,,,,,,,,
51,"51C","ARME",9,"T","C",,,,,,,,,,,,,,,,
52,"52S","ARME",10,"T","S",,,,,,,,,,,,,,,,
52,"52C","ARME",10,"T","C",,,,,,,,,,,,,,,,
53,"53S","ARME",11,"T","S",,,,,,,,,,,,,,,,
53,"53C","ARME",11,"T","C",,,,,,,,,,,,,,,,
54,"54S","ARME",12,"T","S",,,,,,,,,,,,,,,,
54,"54C","ARME",12,"T","C",,,,,,,,,,,,,,,,
55,"55S","ARME",13,"T","S",,,,,,,,,,,,,,,,
55,"55C","ARME",13,"T","C",,,,,,,,,,,,,,,,
56,"56S","ARME",14,"T","S",,,,,,,,,,,,,,,,
56,"56C","ARME",14,"T","C",,,,,,,,,,,,,,,,
57,"57S","ARME",15,"T","S",,,,,,,,,,,,,,,,
57,"57C","ARME",15,"T","C",,,,,,,,,,,,,,,,
58,"58S","ARME",16,"T","S",,,,,,,,,,,,,,,,
58,"58C","ARME",16,"T","C",,,,,,,,,,,,,,,,
59,"59S","ARME",17,"T","S",,,,,,,,,,,,,,,,
59,"59C","ARME",17,"T","C",,,,,,,,,,,,,,,,
60,"60S","ARME",18,"T","S",,,,,,,,,,,,,,,,
60,"60C","ARME",18,"T","C",,,,,,,,,,,,,,,,
61,"61S","ARME",19,"T","S",,,,,,,,,,,,,,,,
61,"61C","ARME",19,"T","C",,,,,,,,,,,,,,,,
62,"62S","ARME",20,"T","S",,,,,,,,,,,,,,,,
62,"62C","ARME",20,"T","C",,,,,,,,,,,,,,,,
63,"63S","ARME",21,"T","S",,,,,,,,,,,,,,,,
63,"63C","ARME",21,"T","C",,,,,,,,,,,,,,,,
64,"64S","ARME",22,"T","S",,,,,,,,,,,,,,,,
64,"64C","ARME",22,"T","C",,,,,,,,,,,,,,,,
65,"65S","ARME",23,"T","S",,,,,,,,,,,,,,,,
65,"65C","ARME",23,"T","C",,,,,,,,,,,,,,,,
66,"66S","ARME",24,"T","S",,,,,,,,,,,,,,,,
66,"66C","ARME",24,"T","C",,,,,,,,,,,,,,,,
67,"67S","ARME",25,"T","S",,,,,,,,,,,,,,,,
67,"67C","ARME",25,"T","C",,,,,,,,,,,,,,,,
68,"68S","ARME",26,"T","S",,,,,,,,,,,,,,,,
68,"68C","ARME",26,"T","C",,,,,,,,,,,,,,,,
69,"69S","ARME",27,"T","S",,,,,,,,,,,,,,,,
69,"69C","ARME",27,"T","C",,,,,,,,,,,,,,,,
70,"70S","ARME",28,"T","S",,,,,,,,,,,,,,,,
70,"70C","ARME",28,"T","C",,,,,,,,,,,,,,,,
71,"71S","ARME",29,"T","S",,,,,,,,,,,,,,,,
71,"71C","ARME",29,"T","C",,,,,,,,,,,,,,,,
72,"72S","ARME",30,"T","S",,,,,,,,,,,,,,,,
72,"72C","ARME",30,"T","C",,,,,,,,,,,,,,,,
73,"73S","ARME",31,"T","S",,,,,,,,,,,,,,,,
73,"73C","ARME",31,"T","C",,,,,,,,,,,,,,,,
74,"74S","ARME",32,"T","S",,,,,,,,,,,,,,,,
74,"74C","ARME",32,"T","C",,,,,,,,,,,,,,,,
75,"75S","ARME",1,"C","S",,,,,,,,,,,,,,,,
75,"75C","ARME",1,"C","C",,,,,,,,,,,,,,,,
76,"76S","ARME",2,"C","S",,,,,,,,,,,,,,,,
76,"76C","ARME",2,"C","C",,,,,,,,,,,,,,,,
77,"77S","ARME",9,"C","S",,,,,,,,,,,,,,,,
77,"77C","ARME",9,"C","C",,,,,,,,,,,,,,,,
78,"78S","ARME",10,"C","S",,,,,,,,,,,,,,,,
78,"78C","ARME",10,"C","C",,,,,,,,,,,,,,,,
79,"79S","ARME",17,"C","S",,,,,,,,,,,,,,,,
79,"79C","ARME",17,"C","C",,,,,,,,,,,,,,,,
80,"80S","ARME",18,"C","S",,,,,,,,,,,,,,,,
80,"80C","ARME",18,"C","C",,,,,,,,,,,,,,,,
81,"81S","ARME",25,"C","S",,,,,,,,,,,,,,,,
81,"81C","ARME",25,"C","C",,,,,,,,,,,,,,,,
82,"82S","ARME",26,"C","S",,,,,,,,,,,,,,,,
82,"82C","ARME",26,"C","C",,,,,,,,,,,,,,,,
83,"83S","ARME",29,"C","S",,,,,,,,,,,,,,,,
83,"83C","ARME",29,"C","C",,,,,,,,,,,,,,,,
84,"84S","ARME",30,"C","S",,,,,,,,,,,,,,,,
84,"84C","ARME",30,"C","C",,,,,,,,,,,,,,,,
85,"85S","CEOL",1,"T","S",,,,,,,,,,,,,,,,
85,"85C","CEOL",1,"T","C",,,,,,,,,,,,,,,,
86,"86S","CEOL",2,"T","S",,,,,,,,,,,,,,,,
86,"86C","CEOL",2,"T","C",,,,,,,,,,,,,,,,
87,"87S","CEOL",3,"T","S",,,,,,,,,,,,,,,,
87,"87C","CEOL",3,"T","C",,,,,,,,,,,,,,,,
88,"88S","CEOL",4,"T","S",,,,,,,,,,,,,,,,
88,"88C","CEOL",4,"T","C",,,,,,,,,,,,,,,,
89,"89S","CEOL",5,"T","S",,,,,,,,,,,,,,,,
89,"89C","CEOL",5,"T","C",,,,,,,,,,,,,,,,
90,"90S","CEOL",6,"T","S",,,,,,,,,,,,,,,,
90,"90C","CEOL",6,"T","C",,,,,,,,,,,,,,,,
91,"91S","CEOL",7,"T","S",,,,,,,,,,,,,,,,
91,"91C","CEOL",7,"T","C",,,,,,,,,,,,,,,,
92,"92S","CEOL",8,"T","S",,,,,,,,,,,,,,,,
92,"92C","CEOL",8,"T","C",,,,,,,,,,,,,,,,
93,"93S","CEOL",9,"T","S",,,,,,,,,,,,,,,,
93,"93C","CEOL",9,"T","C",,,,,,,,,,,,,,,,
94,"94S","CEOL",10,"T","S",,,,,,,,,,,,,,,,
94,"94C","CEOL",10,"T","C",,,,,,,,,,,,,,,,
95,"95S","CEOL",11,"T","S",,,,,,,,,,,,,,,,
95,"95C","CEOL",11,"T","C",,,,,,,,,,,,,,,,
96,"96S","CEOL",12,"T","S",,,,,,,,,,,,,,,,
96,"96C","CEOL",12,"T","C",,,,,,,,,,,,,,,,
97,"97S","CEOL",13,"T","S",,,,,,,,,,,,,,,,
97,"97C","CEOL",13,"T","C",,,,,,,,,,,,,,,,
98,"98S","CEOL",14,"T","S",,,,,,,,,,,,,,,,
98,"98C","CEOL",14,"T","C",,,,,,,,,,,,,,,,
99,"99S","CEOL",15,"T","S",,,,,,,,,,,,,,,,
99,"99C","CEOL",15,"T","C",,,,,,,,,,,,,,,,
100,"100S","CEOL",16,"T","S",,,,,,,,,,,,,,,,
100,"100C","CEOL",16,"T","C",,,,,,,,,,,,,,,,
101,"101S","CEOL",17,"T","S",,,,,,,,,,,,,,,,
101,"101C","CEOL",17,"T","C",,,,,,,,,,,,,,,,
102,"102S","CEOL",18,"T","S",,,,,,,,,,,,,,,,
102,"102C","CEOL",18,"T","C",,,,,,,,,,,,,,,,
103,"103S","CEOL",19,"T","S",,,,,,,,,,,,,,,,
103,"103C","CEOL",19,"T","C",,,,,,,,,,,,,,,,
104,"104S","CEOL",20,"T","S",,,,,,,,,,,,,,,,
104,"104C","CEOL",20,"T","C",,,,,,,,,,,,,,,,
105,"105S","CEOL",21,"T","S",,,,,,,,,,,,,,,,
105,"105C","CEOL",21,"T","C",,,,,,,,,,,,,,,,
106,"106S","CEOL",22,"T","S",,,,,,,,,,,,,,,,
106,"106C","CEOL",22,"T","C",,,,,,,,,,,,,,,,
107,"107S","CEOL",23,"T","S",,,,,,,,,,,,,,,,
107,"107C","CEOL",23,"T","C",,,,,,,,,,,,,,,,
108,"108S","CEOL",24,"T","S",,,,,,,,,,,,,,,,
108,"108C","CEOL",24,"T","C",,,,,,,,,,,,,,,,
109,"109S","CEOL",25,"T","S",,,,,,,,,,,,,,,,
109,"109C","CEOL",25,"T","C",,,,,,,,,,,,,,,,
110,"110S","CEOL",26,"T","S",,,,,,,,,,,,,,,,
110,"110C","CEOL",26,"T","C",,,,,,,,,,,,,,,,
111,"111S","CEOL",27,"T","S",,,,,,,,,,,,,,,,
111,"111C","CEOL",27,"T","C",,,,,,,,,,,,,,,,
112,"112S","CEOL",28,"T","S",,,,,,,,,,,,,,,,
112,"112C","CEOL",28,"T","C",,,,,,,,,,,,,,,,
113,"113S","CEOL",29,"T","S",,,,,,,,,,,,,,,,
113,"113C","CEOL",29,"T","C",,,,,,,,,,,,,,,,
114,"114S","CEOL",30,"T","S",,,,,,,,,,,,,,,,
114,"114C","CEOL",30,"T","C",,,,,,,,,,,,,,,,
115,"115S","CEOL",31,"T","S",,,,,,,,,,,,,,,,
115,"115C","CEOL",31,"T","C",,,,,,,,,,,,,,,,
116,"116S","CEOL",32,"T","S",,,,,,,,,,,,,,,,
116,"116C","CEOL",32,"T","C",,,,,,,,,,,,,,,,
117,"117S","CEOL",1,"C","S",,,,,,,,,,,,,,,,
117,"117C","CEOL",1,"C","C",,,,,,,,,,,,,,,,
118,"118S","CEOL",2,"C","S",,,,,,,,,,,,,,,,
118,"118C","CEOL",2,"C","C",,,,,,,,,,,,,,,,
119,"119S","CEOL",9,"C","S",,,,,,,,,,,,,,,,
119,"119C","CEOL",9,"C","C",,,,,,,,,,,,,,,,
120,"120S","CEOL",10,"C","S",,,,,,,,,,,,,,,,
120,"120C","CEOL",10,"C","C",,,,,,,,,,,,,,,,
121,"121S","CEOL",17,"C","S",,,,,,,,,,,,,,,,
121,"121C","CEOL",17,"C","C",,,,,,,,,,,,,,,,
122,"122S","CEOL",18,"C","S",,,,,,,,,,,,,,,,
122,"122C","CEOL",18,"C","C",,,,,,,,,,,,,,,,
123,"123S","CEOL",25,"C","S",,,,,,,,,,,,,,,,
123,"123C","CEOL",25,"C","C",,,,,,,,,,,,,,,,
124,"124S","CEOL",26,"C","S",,,,,,,,,,,,,,,,
124,"124C","CEOL",26,"C","C",,,,,,,,,,,,,,,,
125,"125S","CEOL",29,"C","S",,,,,,,,,,,,,,,,
125,"125C","CEOL",29,"C","C",,,,,,,,,,,,,,,,
126,"126S","CEOL",30,"C","S",,,,,,,,,,,,,,,,
126,"126C","CEOL",30,"C","C",,,,,,,,,,,,,,,,
127,"127S","HEAR",1,"T","S",,,,,,,,,,,,,,,,
127,"127C","HEAR",1,"T","C",,,,,,,,,,,,,,,,
128,"128S","HEAR",2,"T","S",,,,,,,,,,,,,,,,
128,"128C","HEAR",2,"T","C",,,,,,,,,,,,,,,,
129,"129S","HEAR",3,"T","S",,,,,,,,,,,,,,,,
129,"129C","HEAR",3,"T","C",,,,,,,,,,,,,,,,
130,"130S","HEAR",4,"T","S",,,,,,,,,,,,,,,,
130,"130C","HEAR",4,"T","C",,,,,,,,,,,,,,,,
131,"131S","HEAR",5,"T","S",,,,,,,,,,,,,,,,
131,"131C","HEAR",5,"T","C",,,,,,,,,,,,,,,,
132,"132S","HEAR",6,"T","S",,,,,,,,,,,,,,,,
132,"132C","HEAR",6,"T","C",,,,,,,,,,,,,,,,
133,"133S","HEAR",7,"T","S",,,,,,,,,,,,,,,,
133,"133C","HEAR",7,"T","C",,,,,,,,,,,,,,,,
134,"134S","HEAR",8,"T","S",,,,,,,,,,,,,,,,
134,"134C","HEAR",8,"T","C",,,,,,,,,,,,,,,,
135,"135S","HEAR",9,"T","S",,,,,,,,,,,,,,,,
135,"135C","HEAR",9,"T","C",,,,,,,,,,,,,,,,
136,"136S","HEAR",10,"T","S",,,,,,,,,,,,,,,,
136,"136C","HEAR",10,"T","C",,,,,,,,,,,,,,,,
137,"137S","HEAR",11,"T","S",,,,,,,,,,,,,,,,
137,"137C","HEAR",11,"T","C",,,,,,,,,,,,,,,,
138,"138S","HEAR",12,"T","S",,,,,,,,,,,,,,,,
138,"138C","HEAR",12,"T","C",,,,,,,,,,,,,,,,
139,"139S","HEAR",13,"T","S",,,,,,,,,,,,,,,,
139,"139C","HEAR",13,"T","C",,,,,,,,,,,,,,,,
140,"140S","HEAR",14,"T","S",,,,,,,,,,,,,,,,
140,"140C","HEAR",14,"T","C",,,,,,,,,,,,,,,,
141,"141S","HEAR",15,"T","S",,,,,,,,,,,,,,,,
141,"141C","HEAR",15,"T","C",,,,,,,,,,,,,,,,
142,"142S","HEAR",16,"T","S",,,,,,,,,,,,,,,,
142,"142C","HEAR",16,"T","C",,,,,,,,,,,,,,,,
143,"143S","HEAR",17,"T","S",,,,,,,,,,,,,,,,
143,"143C","HEAR",17,"T","C",,,,,,,,,,,,,,,,
144,"144S","HEAR",18,"T","S",,,,,,,,,,,,,,,,
144,"144C","HEAR",18,"T","C",,,,,,,,,,,,,,,,
145,"145S","HEAR",19,"T","S",,,,,,,,,,,,,,,,
145,"145C","HEAR",19,"T","C",,,,,,,,,,,,,,,,
146,"146S","HEAR",20,"T","S",,,,,,,,,,,,,,,,
146,"146C","HEAR",20,"T","C",,,,,,,,,,,,,,,,
147,"147S","HEAR",21,"T","S",,,,,,,,,,,,,,,,
147,"147C","HEAR",21,"T","C",,,,,,,,,,,,,,,,
148,"148S","HEAR",22,"T","S",,,,,,,,,,,,,,,,
148,"148C","HEAR",22,"T","C",,,,,,,,,,,,,,,,
149,"149S","HEAR",23,"T","S",,,,,,,,,,,,,,,,
149,"149C","HEAR",23,"T","C",,,,,,,,,,,,,,,,
150,"150S","HEAR",24,"T","S",,,,,,,,,,,,,,,,
150,"150C","HEAR",24,"T","C",,,,,,,,,,,,,,,,
151,"151S","HEAR",25,"T","S",,,,,,,,,,,,,,,,
151,"151C","HEAR",25,"T","C",,,,,,,,,,,,,,,,
152,"152S","HEAR",26,"T","S",,,,,,,,,,,,,,,,
152,"152C","HEAR",26,"T","C",,,,,,,,,,,,,,,,
153,"153S","HEAR",27,"T","S",,,,,,,,,,,,,,,,
153,"153C","HEAR",27,"T","C",,,,,,,,,,,,,,,,
154,"154S","HEAR",28,"T","S",,,,,,,,,,,,,,,,
154,"154C","HEAR",28,"T","C",,,,,,,,,,,,,,,,
155,"155S","HEAR",29,"T","S",,,,,,,,,,,,,,,,
155,"155C","HEAR",29,"T","C",,,,,,,,,,,,,,,,
156,"156S","HEAR",30,"T","S",,,,,,,,,,,,,,,,
156,"156C","HEAR",30,"T","C",,,,,,,,,,,,,,,,
157,"157S","HEAR",31,"T","S",,,,,,,,,,,,,,,,
157,"157C","HEAR",31,"T","C",,,,,,,,,,,,,,,,
158,"158S","HEAR",32,"T","S",,,,,,,,,,,,,,,,
158,"158C","HEAR",32,"T","C",,,,,,,,,,,,,,,,
159,"159S","HEAR",1,"C","S",,,,,,,,,,,,,,,,
159,"159C","HEAR",1,"C","C",,,,,,,,,,,,,,,,
160,"160S","HEAR",2,"C","S",,,,,,,,,,,,,,,,
160,"160C","HEAR",2,"C","C",,,,,,,,,,,,,,,,
161,"161S","HEAR",9,"C","S",,,,,,,,,,,,,,,,
161,"161C","HEAR",9,"C","C",,,,,,,,,,,,,,,,
162,"162S","HEAR",10,"C","S",,,,,,,,,,,,,,,,
162,"162C","HEAR",10,"C","C",,,,,,,,,,,,,,,,
163,"163S","HEAR",17,"C","S",,,,,,,,,,,,,,,,
163,"163C","HEAR",17,"C","C",,,,,,,,,,,,,,,,
164,"164S","HEAR",18,"C","S",,,,,,,,,,,,,,,,
164,"164C","HEAR",18,"C","C",,,,,,,,,,,,,,,,
165,"165S","HEAR",25,"C","S",,,,,,,,,,,,,,,,
165,"165C","HEAR",25,"C","C",,,,,,,,,,,,,,,,
166,"166S","HEAR",26,"C","S",,,,,,,,,,,,,,,,
166,"166C","HEAR",26,"C","C",,,,,,,,,,,,,,,,
167,"167S","HEAR",29,"C","S",,,,,,,,,,,,,,,,
167,"167C","HEAR",29,"C","C",,,,,,,,,,,,,,,,
168,"168S","HEAR",30,"C","S",,,,,,,,,,,,,,,,
168,"168C","HEAR",30,"C","C",,,,,,,,,,,,,,,,
169,"169S","LIDE",1,"T","S",,,,,,,,,,,,,,,,
169,"169C","LIDE",1,"T","C",,,,,,,,,,,,,,,,
170,"170S","LIDE",2,"T","S",,,,,,,,,,,,,,,,
170,"170C","LIDE",2,"T","C",,,,,,,,,,,,,,,,
171,"171S","LIDE",3,"T","S",,,,,,,,,,,,,,,,
171,"171C","LIDE",3,"T","C",,,,,,,,,,,,,,,,
172,"172S","LIDE",4,"T","S",,,,,,,,,,,,,,,,
172,"172C","LIDE",4,"T","C",,,,,,,,,,,,,,,,
173,"173S","LIDE",5,"T","S",,,,,,,,,,,,,,,,
173,"173C","LIDE",5,"T","C",,,,,,,,,,,,,,,,
174,"174S","LIDE",6,"T","S",,,,,,,,,,,,,,,,
174,"174C","LIDE",6,"T","C",,,,,,,,,,,,,,,,
175,"175S","LIDE",7,"T","S",,,,,,,,,,,,,,,,
175,"175C","LIDE",7,"T","C",,,,,,,,,,,,,,,,
176,"176S","LIDE",8,"T","S",,,,,,,,,,,,,,,,
176,"176C","LIDE",8,"T","C",,,,,,,,,,,,,,,,
177,"177S","LIDE",9,"T","S",,,,,,,,,,,,,,,,
177,"177C","LIDE",9,"T","C",,,,,,,,,,,,,,,,
178,"178S","LIDE",10,"T","S",,,,,,,,,,,,,,,,
178,"178C","LIDE",10,"T","C",,,,,,,,,,,,,,,,
179,"179S","LIDE",11,"T","S",,,,,,,,,,,,,,,,
179,"179C","LIDE",11,"T","C",,,,,,,,,,,,,,,,
180,"180S","LIDE",12,"T","S",,,,,,,,,,,,,,,,
180,"180C","LIDE",12,"T","C",,,,,,,,,,,,,,,,
181,"181S","LIDE",13,"T","S",,,,,,,,,,,,,,,,
181,"181C","LIDE",13,"T","C",,,,,,,,,,,,,,,,
182,"182S","LIDE",14,"T","S",,,,,,,,,,,,,,,,
182,"182C","LIDE",14,"T","C",,,,,,,,,,,,,,,,
183,"183S","LIDE",15,"T","S",,,,,,,,,,,,,,,,
183,"183C","LIDE",15,"T","C",,,,,,,,,,,,,,,,
184,"184S","LIDE",16,"T","S",,,,,,,,,,,,,,,,
184,"184C","LIDE",16,"T","C",,,,,,,,,,,,,,,,
185,"185S","LIDE",17,"T","S",,,,,,,,,,,,,,,,
185,"185C","LIDE",17,"T","C",,,,,,,,,,,,,,,,
186,"186S","LIDE",18,"T","S",,,,,,,,,,,,,,,,
186,"186C","LIDE",18,"T","C",,,,,,,,,,,,,,,,
187,"187S","LIDE",19,"T","S",,,,,,,,,,,,,,,,
187,"187C","LIDE",19,"T","C",,,,,,,,,,,,,,,,
188,"188S","LIDE",20,"T","S",,,,,,,,,,,,,,,,
188,"188C","LIDE",20,"T","C",,,,,,,,,,,,,,,,
189,"189S","LIDE",21,"T","S",,,,,,,,,,,,,,,,
189,"189C","LIDE",21,"T","C",,,,,,,,,,,,,,,,
190,"190S","LIDE",22,"T","S",,,,,,,,,,,,,,,,
190,"190C","LIDE",22,"T","C",,,,,,,,,,,,,,,,
191,"191S","LIDE",23,"T","S",,,,,,,,,,,,,,,,
191,"191C","LIDE",23,"T","C",,,,,,,,,,,,,,,,
192,"192S","LIDE",24,"T","S",,,,,,,,,,,,,,,,
192,"192C","LIDE",24,"T","C",,,,,,,,,,,,,,,,
193,"193S","LIDE",25,"T","S",,,,,,,,,,,,,,,,
193,"193C","LIDE",25,"T","C",,,,,,,,,,,,,,,,
194,"194S","LIDE",26,"T","S",,,,,,,,,,,,,,,,
194,"194C","LIDE",26,"T","C",,,,,,,,,,,,,,,,
195,"195S","LIDE",27,"T","S",,,,,,,,,,,,,,,,
195,"195C","LIDE",27,"T","C",,,,,,,,,,,,,,,,
196,"196S","LIDE",28,"T","S",,,,,,,,,,,,,,,,
196,"196C","LIDE",28,"T","C",,,,,,,,,,,,,,,,
197,"197S","LIDE",29,"T","S",,,,,,,,,,,,,,,,
197,"197C","LIDE",29,"T","C",,,,,,,,,,,,,,,,
198,"198S","LIDE",30,"T","S",,,,,,,,,,,,,,,,
198,"198C","LIDE",30,"T","C",,,,,,,,,,,,,,,,
199,"199S","LIDE",31,"T","S",,,,,,,,,,,,,,,,
199,"199C","LIDE",31,"T","C",,,,,,,,,,,,,,,,
200,"200S","LIDE",32,"T","S",,,,,,,,,,,,,,,,
200,"200C","LIDE",32,"T","C",,,,,,,,,,,,,,,,
201,"201S","LIDE",1,"C","S",,,,,,,,,,,,,,,,
201,"201C","LIDE",1,"C","C",,,,,,,,,,,,,,,,
202,"202S","LIDE",2,"C","S",,,,,,,,,,,,,,,,
202,"202C","LIDE",2,"C","C",,,,,,,,,,,,,,,,
203,"203S","LIDE",3,"C","S",,,,,,,,,,,,,,,,
203,"203C","LIDE",3,"C","C",,,,,,,,,,,,,,,,
204,"204S","LIDE",4,"C","S",,,,,,,,,,,,,,,,
204,"204C","LIDE",4,"C","C",,,,,,,,,,,,,,,,
205,"205S","LIDE",5,"C","S",,,,,,,,,,,,,,,,
205,"205C","LIDE",5,"C","C",,,,,,,,,,,,,,,,
206,"206S","LIDE",6,"C","S",,,,,,,,,,,,,,,,
206,"206C","LIDE",6,"C","C",,,,,,,,,,,,,,,,
207,"207S","LIDE",7,"C","S",,,,,,,,,,,,,,,,
207,"207C","LIDE",7,"C","C",,,,,,,,,,,,,,,,
208,"208S","LIDE",8,"C","S",,,,,,,,,,,,,,,,
208,"208C","LIDE",8,"C","C",,,,,,,,,,,,,,,,
209,"209S","LIDE",9,"C","S",,,,,,,,,,,,,,,,
209,"209C","LIDE",9,"C","C",,,,,,,,,,,,,,,,
210,"210S","LIDE",10,"C","S",,,,,,,,,,,,,,,,
210,"210C","LIDE",10,"C","C",,,,,,,,,,,,,,,,
211,"211S","LIDE",11,"C","S",,,,,,,,,,,,,,,,
211,"211C","LIDE",11,"C","C",,,,,,,,,,,,,,,,
212,"212S","LIDE",12,"C","S",,,,,,,,,,,,,,,,
212,"212C","LIDE",12,"C","C",,,,,,,,,,,,,,,,
213,"213S","LIDE",13,"C","S",,,,,,,,,,,,,,,,
213,"213C","LIDE",13,"C","C",,,,,,,,,,,,,,,,
214,"214S","LIDE",14,"C","S",,,,,,,,,,,,,,,,
214,"214C","LIDE",14,"C","C",,,,,,,,,,,,,,,,
215,"215S","LIDE",15,"C","S",,,,,,,,,,,,,,,,
215,"215C","LIDE",15,"C","C",,,,,,,,,,,,,,,,
216,"216S","LIDE",16,"C","S",,,,,,,,,,,,,,,,
216,"216C","LIDE",16,"C","C",,,,,,,,,,,,,,,,
217,"217S","LIDE",17,"C","S",,,,,,,,,,,,,,,,
217,"217C","LIDE",17,"C","C",,,,,,,,,,,,,,,,
218,"218S","LIDE",18,"C","S",,,,,,,,,,,,,,,,
218,"218C","LIDE",18,"C","C",,,,,,,,,,,,,,,,
219,"219S","LIDE",19,"C","S",,,,,,,,,,,,,,,,
219,"219C","LIDE",19,"C","C",,,,,,,,,,,,,,,,
220,"220S","LIDE",20,"C","S",,,,,,,,,,,,,,,,
220,"220C","LIDE",20,"C","C",,,,,,,,,,,,,,,,
221,"221S","LIDE",21,"C","S",,,,,,,,,,,,,,,,
221,"221C","LIDE",21,"C","C",,,,,,,,,,,,,,,,
222,"222S","LIDE",22,"C","S",,,,,,,,,,,,,,,,
222,"222C","LIDE",22,"C","C",,,,,,,,,,,,,,,,
223,"223S","LIDE",23,"C","S",,,,,,,,,,,,,,,,
223,"223C","LIDE",23,"C","C",,,,,,,,,,,,,,,,
224,"224S","LIDE",24,"C","S",,,,,,,,,,,,,,,,
224,"224C","LIDE",24,"C","C",,,,,,,,,,,,,,,,
225,"225S","LIDE",25,"C","S",,,,,,,,,,,,,,,,
225,"225C","LIDE",25,"C","C",,,,,,,,,,,,,,,,
226,"226S","LIDE",26,"C","S",,,,,,,,,,,,,,,,
226,"226C","LIDE",26,"C","C",,,,,,,,,,,,,,,,
227,"227S","LIDE",27,"C","S",,,,,,,,,,,,,,,,
227,"227C","LIDE",27,"C","C",,,,,,,,,,,,,,,,
228,"228S","LIDE",28,"C","S",,,,,,,,,,,,,,,,
228,"228C","LIDE",28,"C","C",,,,,,,,,,,,,,,,
229,"229S","LIDE",29,"C","S",,,,,,,,,,,,,,,,
229,"229C","LIDE",29,"C","C",,,,,,,,,,,,,,,,
230,"230S","LIDE",30,"C","S",,,,,,,,,,,,,,,,
230,"230C","LIDE",30,"C","C",,,,,,,,,,,,,,,,
231,"231S","LIDE",31,"C","S",,,,,,,,,,,,,,,,
231,"231C","LIDE",31,"C","C",,,,,,,,,,,,,,,,
232,"232S","LIDE",32,"C","S",,,,,,,,,,,,,,,,
232,"232C","LIDE",32,"C","C",,,,,,,,,,,,,,,,
233,"233S","QUAG",1,"T","S",,,,,,,,,,,,,,,,
234,"234S","QUAG",2,"T","S",,,,,,,,,,,,,,,,
235,"235S","QUAG",3,"T","S",,,,,,,,,,,,,,,,
236,"236S","QUAG",4,"T","S",,,,,,,,,,,,,,,,
237,"237S","QUAG",5,"T","S",,,,,,,,,,,,,,,,
238,"238S","QUAG",6,"T","S",,,,,,,,,,,,,,,,
239,"239S","QUAG",7,"T","S",,,,,,,,,,,,,,,,
240,"240S","QUAG",8,"T","S",,,,,,,,,,,,,,,,
241,"241S","QUAG",9,"T","S",,,,,,,,,,,,,,,,
242,"242S","QUAG",10,"T","S",,,,,,,,,,,,,,,,
243,"243S","QUAG",11,"T","S",,,,,,,,,,,,,,,,
244,"244S","QUAG",12,"T","S",,,,,,,,,,,,,,,,
245,"245S","QUAG",13,"T","S",,,,,,,,,,,,,,,,
246,"246S","QUAG",14,"T","S",,,,,,,,,,,,,,,,
247,"247S","QUAG",15,"T","S",,,,,,,,,,,,,,,,
248,"248S","QUAG",16,"T","S",,,,,,,,,,,,,,,,
249,"249S","QUAG",17,"T","S",,,,,,,,,,,,,,,,
250,"250S","QUAG",18,"T","S",,,,,,,,,,,,,,,,
251,"251S","QUAG",19,"T","S",,,,,,,,,,,,,,,,
252,"252S","QUAG",20,"T","S",,,,,,,,,,,,,,,,
253,"253S","QUAG",21,"T","S",,,,,,,,,,,,,,,,
254,"254S","QUAG",22,"T","S",,,,,,,,,,,,,,,,
255,"255S","QUAG",23,"T","S",,,,,,,,,,,,,,,,
256,"256S","QUAG",24,"T","S",,,,,,,,,,,,,,,,
257,"257S","QUAG",25,"T","S",,,,,,,,,,,,,,,,
258,"258S","QUAG",26,"T","S",,,,,,,,,,,,,,,,
259,"259S","QUAG",27,"T","S",,,,,,,,,,,,,,,,
260,"260S","QUAG",28,"T","S",,,,,,,,,,,,,,,,
261,"261S","QUAG",29,"T","S",,,,,,,,,,,,,,,,
262,"262S","QUAG",30,"T","S",,,,,,,,,,,,,,,,
263,"263S","QUAG",31,"T","S",,,,,,,,,,,,,,,,
264,"264S","QUAG",32,"T","S",,,,,,,,,,,,,,,,
265,"265S","QUAG",1,"C","S",,,,,,,,,,,,,,,,
266,"266S","QUAG",2,"C","S",,,,,,,,,,,,,,,,
267,"267S","QUAG",3,"C","S",,,,,,,,,,,,,,,,
268,"268S","QUAG",4,"C","S",,,,,,,,,,,,,,,,
269,"269S","QUAG",5,"C","S",,,,,,,,,,,,,,,,
270,"270S","QUAG",6,"C","S",,,,,,,,,,,,,,,,
271,"271S","QUAG",7,"C","S",,,,,,,,,,,,,,,,
272,"272S","QUAG",8,"C","S",,,,,,,,,,,,,,,,
273,"273S","QUAG",9,"C","S",,,,,,,,,,,,,,,,
274,"274S","QUAG",10,"C","S",,,,,,,,,,,,,,,,
275,"275S","QUAG",11,"C","S",,,,,,,,,,,,,,,,
276,"276S","QUAG",12,"C","S",,,,,,,,,,,,,,,,
277,"277S","QUAG",13,"C","S",,,,,,,,,,,,,,,,
278,"278S","QUAG",14,"C","S",,,,,,,,,,,,,,,,
279,"279S","QUAG",15,"C","S",,,,,,,,,,,,,,,,
280,"280S","QUAG",16,"C","S",,,,,,,,,,,,,,,,
281,"281S","QUAG",17,"C","S",,,,,,,,,,,,,,,,
282,"282S","QUAG",18,"C","S",,,,,,,,,,,,,,,,
283,"283S","QUAG",19,"C","S",,,,,,,,,,,,,,,,
284,"284S","QUAG",20,"C","S",,,,,,,,,,,,,,,,
285,"285S","QUAG",21,"C","S",,,,,,,,,,,,,,,,
286,"286S","QUAG",22,"C","S",,,,,,,,,,,,,,,,
287,"287S","QUAG",23,"C","S",,,,,,,,,,,,,,,,
288,"288S","QUAG",24,"C","S",,,,,,,,,,,,,,,,
289,"289S","QUAG",25,"C","S",,,,,,,,,,,,,,,,
290,"290S","QUAG",26,"C","S",,,,,,,,,,,,,,,,
291,"291S","QUAG",27,"C","S",,,,,,,,,,,,,,,,
292,"292S","QUAG",28,"C","S",,,,,,,,,,,,,,,,
293,"293S","QUAG",29,"C","S",,,,,,,,,,,,,,,,
294,"294S","QUAG",30,"C","S",,,,,,,,,,,,,,,,
295,"295S","QUAG",31,"C","S",,,,,,,,,,,,,,,,
296,"296S","QUAG",32,"C","S",,,,,,,,,,,,,,,,
297,"297S","QUCH",1,"T","S",,,,,,,,,,,,,,,,
298,"298S","QUCH",2,"T","S",,,,,,,,,,,,,,,,
299,"299S","QUCH",3,"T","S",,,,,,,,,,,,,,,,
300,"300S","QUCH",4,"T","S",,,,,,,,,,,,,,,,
301,"301S","QUCH",5,"T","S",,,,,,,,,,,,,,,,
302,"302S","QUCH",6,"T","S",,,,,,,,,,,,,,,,
303,"303S","QUCH",7,"T","S",,,,,,,,,,,,,,,,
304,"304S","QUCH",8,"T","S",,,,,,,,,,,,,,,,
305,"305S","QUCH",9,"T","S",,,,,,,,,,,,,,,,
306,"306S","QUCH",10,"T","S",,,,,,,,,,,,,,,,
307,"307S","QUCH",11,"T","S",,,,,,,,,,,,,,,,
308,"308S","QUCH",12,"T","S",,,,,,,,,,,,,,,,
309,"309S","QUCH",13,"T","S",,,,,,,,,,,,,,,,
310,"310S","QUCH",14,"T","S",,,,,,,,,,,,,,,,
311,"311S","QUCH",15,"T","S",,,,,,,,,,,,,,,,
312,"312S","QUCH",16,"T","S",,,,,,,,,,,,,,,,
313,"313S","QUCH",17,"T","S",,,,,,,,,,,,,,,,
314,"314S","QUCH",18,"T","S",,,,,,,,,,,,,,,,
315,"315S","QUCH",19,"T","S",,,,,,,,,,,,,,,,
316,"316S","QUCH",20,"T","S",,,,,,,,,,,,,,,,
317,"317S","QUCH",21,"T","S",,,,,,,,,,,,,,,,
318,"318S","QUCH",22,"T","S",,,,,,,,,,,,,,,,
319,"319S","QUCH",23,"T","S",,,,,,,,,,,,,,,,
320,"320S","QUCH",24,"T","S",,,,,,,,,,,,,,,,
321,"321S","QUCH",25,"T","S",,,,,,,,,,,,,,,,
322,"322S","QUCH",26,"T","S",,,,,,,,,,,,,,,,
323,"323S","QUCH",27,"T","S",,,,,,,,,,,,,,,,
324,"324S","QUCH",28,"T","S",,,,,,,,,,,,,,,,
325,"325S","QUCH",29,"T","S",,,,,,,,,,,,,,,,
326,"326S","QUCH",30,"T","S",,,,,,,,,,,,,,,,
327,"327S","QUCH",31,"T","S",,,,,,,,,,,,,,,,
328,"328S","QUCH",32,"T","S",,,,,,,,,,,,,,,,
329,"329S","QUCH",1,"C","S",,,,,,,,,,,,,,,,
330,"330S","QUCH",2,"C","S",,,,,,,,,,,,,,,,
331,"331S","QUCH",3,"C","S",,,,,,,,,,,,,,,,
332,"332S","QUCH",4,"C","S",,,,,,,,,,,,,,,,
333,"333S","QUCH",5,"C","S",,,,,,,,,,,,,,,,
334,"334S","QUCH",6,"C","S",,,,,,,,,,,,,,,,
335,"335S","QUCH",7,"C","S",,,,,,,,,,,,,,,,
336,"336S","QUCH",8,"C","S",,,,,,,,,,,,,,,,
337,"337S","QUCH",9,"C","S",,,,,,,,,,,,,,,,
338,"338S","QUCH",10,"C","S",,,,,,,,,,,,,,,,
339,"339S","QUCH",11,"C","S",,,,,,,,,,,,,,,,
340,"340S","QUCH",12,"C","S",,,,,,,,,,,,,,,,
341,"341S","QUCH",13,"C","S",,,,,,,,,,,,,,,,
342,"342S","QUCH",14,"C","S",,,,,,,,,,,,,,,,
343,"343S","QUCH",15,"C","S",,,,,,,,,,,,,,,,
344,"344S","QUCH",16,"C","S",,,,,,,,,,,,,,,,
345,"345S","QUCH",17,"C","S",,,,,,,,,,,,,,,,
346,"346S","QUCH",18,"C","S",,,,,,,,,,,,,,,,
347,"347S","QUCH",19,"C","S",,,,,,,,,,,,,,,,
348,"348S","QUCH",20,"C","S",,,,,,,,,,,,,,,,
349,"349S","QUCH",21,"C","S",,,,,,,,,,,,,,,,
350,"350S","QUCH",22,"C","S",,,,,,,,,,,,,,,,
351,"351S","QUCH",23,"C","S",,,,,,,,,,,,,,,,
352,"352S","QUCH",24,"C","S",,,,,,,,,,,,,,,,
353,"353S","QUCH",25,"C","S",,,,,,,,,,,,,,,,
354,"354S","QUCH",26,"C","S",,,,,,,,,,,,,,,,
355,"355S","QUCH",27,"C","S",,,,,,,,,,,,,,,,
356,"356S","QUCH",28,"C","S",,,,,,,,,,,,,,,,
357,"357S","QUCH",29,"C","S",,,,,,,,,,,,,,,,
358,"358S","QUCH",30,"C","S",,,,,,,,,,,,,,,,
359,"359S","QUCH",31,"C","S",,,,,,,,,,,,,,,,
360,"360S","QUCH",32,"C","S",,,,,,,,,,,,,,,,
361,"361S","QUPA",1,"T","S",,,,,,,,,,,,,,,,
362,"362S","QUPA",2,"T","S",,,,,,,,,,,,,,,,
363,"363S","QUPA",3,"T","S",,,,,,,,,,,,,,,,
364,"364S","QUPA",4,"T","S",,,,,,,,,,,,,,,,
365,"365S","QUPA",5,"T","S",,,,,,,,,,,,,,,,
366,"366S","QUPA",6,"T","S",,,,,,,,,,,,,,,,
367,"367S","QUPA",7,"T","S",,,,,,,,,,,,,,,,
368,"368S","QUPA",8,"T","S",,,,,,,,,,,,,,,,
369,"369S","QUPA",9,"T","S",,,,,,,,,,,,,,,,
370,"370S","QUPA",10,"T","S",,,,,,,,,,,,,,,,
371,"371S","QUPA",11,"T","S",,,,,,,,,,,,,,,,
372,"372S","QUPA",12,"T","S",,,,,,,,,,,,,,,,
373,"373S","QUPA",13,"T","S",,,,,,,,,,,,,,,,
374,"374S","QUPA",14,"T","S",,,,,,,,,,,,,,,,
375,"375S","QUPA",15,"T","S",,,,,,,,,,,,,,,,
376,"376S","QUPA",16,"T","S",,,,,,,,,,,,,,,,
377,"377S","QUPA",17,"T","S",,,,,,,,,,,,,,,,
378,"378S","QUPA",18,"T","S",,,,,,,,,,,,,,,,
379,"379S","QUPA",19,"T","S",,,,,,,,,,,,,,,,
380,"380S","QUPA",20,"T","S",,,,,,,,,,,,,,,,
381,"381S","QUPA",21,"T","S",,,,,,,,,,,,,,,,
382,"382S","QUPA",22,"T","S",,,,,,,,,,,,,,,,
383,"383S","QUPA",23,"T","S",,,,,,,,,,,,,,,,
384,"384S","QUPA",24,"T","S",,,,,,,,,,,,,,,,
385,"385S","QUPA",25,"T","S",,,,,,,,,,,,,,,,
386,"386S","QUPA",26,"T","S",,,,,,,,,,,,,,,,
387,"387S","QUPA",27,"T","S",,,,,,,,,,,,,,,,
388,"388S","QUPA",28,"T","S",,,,,,,,,,,,,,,,
389,"389S","QUPA",29,"T","S",,,,,,,,,,,,,,,,
390,"390S","QUPA",30,"T","S",,,,,,,,,,,,,,,,
391,"391S","QUPA",31,"T","S",,,,,,,,,,,,,,,,
392,"392S","QUPA",32,"T","S",,,,,,,,,,,,,,,,
393,"393S","QUPA",1,"C","S",,,,,,,,,,,,,,,,
394,"394S","QUPA",2,"C","S",,,,,,,,,,,,,,,,
395,"395S","QUPA",3,"C","S",,,,,,,,,,,,,,,,
396,"396S","QUPA",4,"C","S",,,,,,,,,,,,,,,,
397,"397S","QUPA",5,"C","S",,,,,,,,,,,,,,,,
398,"398S","QUPA",6,"C","S",,,,,,,,,,,,,,,,
399,"399S","QUPA",7,"C","S",,,,,,,,,,,,,,,,
400,"400S","QUPA",8,"C","S",,,,,,,,,,,,,,,,
401,"401S","QUPA",9,"C","S",,,,,,,,,,,,,,,,
402,"402S","QUPA",10,"C","S",,,,,,,,,,,,,,,,
403,"403S","QUPA",11,"C","S",,,,,,,,,,,,,,,,
404,"404S","QUPA",12,"C","S",,,,,,,,,,,,,,,,
405,"405S","QUPA",13,"C","S",,,,,,,,,,,,,,,,
406,"406S","QUPA",14,"C","S",,,,,,,,,,,,,,,,
407,"407S","QUPA",15,"C","S",,,,,,,,,,,,,,,,
408,"408S","QUPA",16,"C","S",,,,,,,,,,,,,,,,
409,"409S","QUPA",17,"C","S",,,,,,,,,,,,,,,,
410,"410S","QUPA",18,"C","S",,,,,,,,,,,,,,,,
411,"411S","QUPA",19,"C","S",,,,,,,,,,,,,,,,
412,"412S","QUPA",20,"C","S",,,,,,,,,,,,,,,,
413,"413S","QUPA",21,"C","S",,,,,,,,,,,,,,,,
414,"414S","QUPA",22,"C","S",,,,,,,,,,,,,,,,
415,"415S","QUPA",23,"C","S",,,,,,,,,,,,,,,,
416,"416S","QUPA",24,"C","S",,,,,,,,,,,,,,,,
417,"417S","QUPA",25,"C","S",,,,,,,,,,,,,,,,
418,"418S","QUPA",26,"C","S",,,,,,,,,,,,,,,,
419,"419S","QUPA",27,"C","S",,,,,,,,,,,,,,,,
420,"420S","QUPA",28,"C","S",,,,,,,,,,,,,,,,
421,"421S","QUPA",29,"C","S",,,,,,,,,,,,,,,,
422,"422S","QUPA",30,"C","S",,,,,,,,,,,,,,,,
423,"423S","QUPA",31,"C","S",,,,,,,,,,,,,,,,
424,"424S","QUPA",32,"C","S",,,,,,,,,,,,,,,,
425,"425S","TODI",1,"T","S",,,,,,,,,,,,,,,,
425,"425C","TODI",1,"T","C",,,,,,,,,,,,,,,,
426,"426S","TODI",2,"T","S",,,,,,,,,,,,,,,,
426,"426C","TODI",2,"T","C",,,,,,,,,,,,,,,,
427,"427S","TODI",3,"T","S",,,,,,,,,,,,,,,,
427,"427C","TODI",3,"T","C",,,,,,,,,,,,,,,,
428,"428S","TODI",4,"T","S",,,,,,,,,,,,,,,,
428,"428C","TODI",4,"T","C",,,,,,,,,,,,,,,,
429,"429S","TODI",5,"T","S",,,,,,,,,,,,,,,,
429,"429C","TODI",5,"T","C",,,,,,,,,,,,,,,,
430,"430S","TODI",6,"T","S",,,,,,,,,,,,,,,,
430,"430C","TODI",6,"T","C",,,,,,,,,,,,,,,,
431,"431S","TODI",7,"T","S",,,,,,,,,,,,,,,,
431,"431C","TODI",7,"T","C",,,,,,,,,,,,,,,,
432,"432S","TODI",8,"T","S",,,,,,,,,,,,,,,,
432,"432C","TODI",8,"T","C",,,,,,,,,,,,,,,,
433,"433S","TODI",9,"T","S",,,,,,,,,,,,,,,,
433,"433C","TODI",9,"T","C",,,,,,,,,,,,,,,,
434,"434S","TODI",10,"T","S",,,,,,,,,,,,,,,,
434,"434C","TODI",10,"T","C",,,,,,,,,,,,,,,,
435,"435S","TODI",11,"T","S",,,,,,,,,,,,,,,,
435,"435C","TODI",11,"T","C",,,,,,,,,,,,,,,,
436,"436S","TODI",12,"T","S",,,,,,,,,,,,,,,,
436,"436C","TODI",12,"T","C",,,,,,,,,,,,,,,,
437,"437S","TODI",13,"T","S",,,,,,,,,,,,,,,,
437,"437C","TODI",13,"T","C",,,,,,,,,,,,,,,,
438,"438S","TODI",14,"T","S",,,,,,,,,,,,,,,,
438,"438C","TODI",14,"T","C",,,,,,,,,,,,,,,,
439,"439S","TODI",15,"T","S",,,,,,,,,,,,,,,,
439,"439C","TODI",15,"T","C",,,,,,,,,,,,,,,,
440,"440S","TODI",16,"T","S",,,,,,,,,,,,,,,,
440,"440C","TODI",16,"T","C",,,,,,,,,,,,,,,,
441,"441S","TODI",17,"T","S",,,,,,,,,,,,,,,,
441,"441C","TODI",17,"T","C",,,,,,,,,,,,,,,,
442,"442S","TODI",18,"T","S",,,,,,,,,,,,,,,,
442,"442C","TODI",18,"T","C",,,,,,,,,,,,,,,,
443,"443S","TODI",19,"T","S",,,,,,,,,,,,,,,,
443,"443C","TODI",19,"T","C",,,,,,,,,,,,,,,,
444,"444S","TODI",20,"T","S",,,,,,,,,,,,,,,,
444,"444C","TODI",20,"T","C",,,,,,,,,,,,,,,,
445,"445S","TODI",21,"T","S",,,,,,,,,,,,,,,,
445,"445C","TODI",21,"T","C",,,,,,,,,,,,,,,,
446,"446S","TODI",22,"T","S",,,,,,,,,,,,,,,,
446,"446C","TODI",22,"T","C",,,,,,,,,,,,,,,,
447,"447S","TODI",23,"T","S",,,,,,,,,,,,,,,,
447,"447C","TODI",23,"T","C",,,,,,,,,,,,,,,,
448,"448S","TODI",24,"T","S",,,,,,,,,,,,,,,,
448,"448C","TODI",24,"T","C",,,,,,,,,,,,,,,,
449,"449S","TODI",25,"T","S",,,,,,,,,,,,,,,,
449,"449C","TODI",25,"T","C",,,,,,,,,,,,,,,,
450,"450S","TODI",26,"T","S",,,,,,,,,,,,,,,,
450,"450C","TODI",26,"T","C",,,,,,,,,,,,,,,,
451,"451S","TODI",27,"T","S",,,,,,,,,,,,,,,,
451,"451C","TODI",27,"T","C",,,,,,,,,,,,,,,,
452,"452S","TODI",28,"T","S",,,,,,,,,,,,,,,,
452,"452C","TODI",28,"T","C",,,,,,,,,,,,,,,,
453,"453S","TODI",29,"T","S",,,,,,,,,,,,,,,,
453,"453C","TODI",29,"T","C",,,,,,,,,,,,,,,,
454,"454S","TODI",30,"T","S",,,,,,,,,,,,,,,,
454,"454C","TODI",30,"T","C",,,,,,,,,,,,,,,,
455,"455S","TODI",31,"T","S",,,,,,,,,,,,,,,,
455,"455C","TODI",31,"T","C",,,,,,,,,,,,,,,,
456,"456S","TODI",32,"T","S",,,,,,,,,,,,,,,,
456,"456C","TODI",32,"T","C",,,,,,,,,,,,,,,,
457,"457S","TODI",1,"C","S",,,,,,,,,,,,,,,,
457,"457C","TODI",1,"C","C",,,,,,,,,,,,,,,,
458,"458S","TODI",2,"C","S",,,,,,,,,,,,,,,,
458,"458C","TODI",2,"C","C",,,,,,,,,,,,,,,,
459,"459S","TODI",9,"C","S",,,,,,,,,,,,,,,,
459,"459C","TODI",9,"C","C",,,,,,,,,,,,,,,,
460,"460S","TODI",10,"C","S",,,,,,,,,,,,,,,,
460,"460C","TODI",10,"C","C",,,,,,,,,,,,,,,,
461,"461S","TODI",17,"C","S",,,,,,,,,,,,,,,,
461,"461C","TODI",17,"C","C",,,,,,,,,,,,,,,,
462,"462S","TODI",18,"C","S",,,,,,,,,,,,,,,,
462,"462C","TODI",18,"C","C",,,,,,,,,,,,,,,,
463,"463S","TODI",25,"C","S",,,,,,,,,,,,,,,,
463,"463C","TODI",25,"C","C",,,,,,,,,,,,,,,,
464,"464S","TODI",26,"C","S",,,,,,,,,,,,,,,,
464,"464C","TODI",26,"C","C",,,,,,,,,,,,,,,,
465,"465S","TODI",29,"C","S",,,,,,,,,,,,,,,,
465,"465C","TODI",29,"C","C",,,,,,,,,,,,,,,,
466,"466S","TODI",30,"C","S",,,,,,,,,,,,,,,,
466,"466C","TODI",30,"C","C",,,,,,,,,,,,,,,,
467,"467S","UMCA",1,"T","S",,,,,,,,,,,,,,,,
467,"467C","UMCA",1,"T","C",,,,,,,,,,,,,,,,
468,"468S","UMCA",2,"T","S",,,,,,,,,,,,,,,,
468,"468C","UMCA",2,"T","C",,,,,,,,,,,,,,,,
469,"469S","UMCA",3,"T","S",,,,,,,,,,,,,,,,
469,"469C","UMCA",3,"T","C",,,,,,,,,,,,,,,,
470,"470S","UMCA",4,"T","S",,,,,,,,,,,,,,,,
470,"470C","UMCA",4,"T","C",,,,,,,,,,,,,,,,
471,"471S","UMCA",5,"T","S",,,,,,,,,,,,,,,,
471,"471C","UMCA",5,"T","C",,,,,,,,,,,,,,,,
472,"472S","UMCA",6,"T","S",,,,,,,,,,,,,,,,
472,"472C","UMCA",6,"T","C",,,,,,,,,,,,,,,,
473,"473S","UMCA",7,"T","S",,,,,,,,,,,,,,,,
473,"473C","UMCA",7,"T","C",,,,,,,,,,,,,,,,
474,"474S","UMCA",8,"T","S",,,,,,,,,,,,,,,,
474,"474C","UMCA",8,"T","C",,,,,,,,,,,,,,,,
475,"475S","UMCA",9,"T","S",,,,,,,,,,,,,,,,
475,"475C","UMCA",9,"T","C",,,,,,,,,,,,,,,,
476,"476S","UMCA",10,"T","S",,,,,,,,,,,,,,,,
476,"476C","UMCA",10,"T","C",,,,,,,,,,,,,,,,
477,"477S","UMCA",11,"T","S",,,,,,,,,,,,,,,,
477,"477C","UMCA",11,"T","C",,,,,,,,,,,,,,,,
478,"478S","UMCA",12,"T","S",,,,,,,,,,,,,,,,
478,"478C","UMCA",12,"T","C",,,,,,,,,,,,,,,,
479,"479S","UMCA",13,"T","S",,,,,,,,,,,,,,,,
479,"479C","UMCA",13,"T","C",,,,,,,,,,,,,,,,
480,"480S","UMCA",14,"T","S",,,,,,,,,,,,,,,,
480,"480C","UMCA",14,"T","C",,,,,,,,,,,,,,,,
481,"481S","UMCA",15,"T","S",,,,,,,,,,,,,,,,
481,"481C","UMCA",15,"T","C",,,,,,,,,,,,,,,,
482,"482S","UMCA",16,"T","S",,,,,,,,,,,,,,,,
482,"482C","UMCA",16,"T","C",,,,,,,,,,,,,,,,
483,"483S","UMCA",17,"T","S",,,,,,,,,,,,,,,,
483,"483C","UMCA",17,"T","C",,,,,,,,,,,,,,,,
484,"484S","UMCA",18,"T","S",,,,,,,,,,,,,,,,
484,"484C","UMCA",18,"T","C",,,,,,,,,,,,,,,,
485,"485S","UMCA",19,"T","S",,,,,,,,,,,,,,,,
485,"485C","UMCA",19,"T","C",,,,,,,,,,,,,,,,
486,"486S","UMCA",20,"T","S",,,,,,,,,,,,,,,,
486,"486C","UMCA",20,"T","C",,,,,,,,,,,,,,,,
487,"487S","UMCA",21,"T","S",,,,,,,,,,,,,,,,
487,"487C","UMCA",21,"T","C",,,,,,,,,,,,,,,,
488,"488S","UMCA",22,"T","S",,,,,,,,,,,,,,,,
488,"488C","UMCA",22,"T","C",,,,,,,,,,,,,,,,
489,"489S","UMCA",23,"T","S",,,,,,,,,,,,,,,,
489,"489C","UMCA",23,"T","C",,,,,,,,,,,,,,,,
490,"490S","UMCA",24,"T","S",,,,,,,,,,,,,,,,
490,"490C","UMCA",24,"T","C",,,,,,,,,,,,,,,,
491,"491S","UMCA",25,"T","S",,,,,,,,,,,,,,,,
491,"491C","UMCA",25,"T","C",,,,,,,,,,,,,,,,
492,"492S","UMCA",26,"T","S",,,,,,,,,,,,,,,,
492,"492C","UMCA",26,"T","C",,,,,,,,,,,,,,,,
493,"493S","UMCA",27,"T","S",,,,,,,,,,,,,,,,
493,"493C","UMCA",27,"T","C",,,,,,,,,,,,,,,,
494,"494S","UMCA",28,"T","S",,,,,,,,,,,,,,,,
494,"494C","UMCA",28,"T","C",,,,,,,,,,,,,,,,
495,"495S","UMCA",29,"T","S",,,,,,,,,,,,,,,,
495,"495C","UMCA",29,"T","C",,,,,,,,,,,,,,,,
496,"496S","UMCA",30,"T","S",,,,,,,,,,,,,,,,
496,"496C","UMCA",30,"T","C",,,,,,,,,,,,,,,,
497,"497S","UMCA",31,"T","S",,,,,,,,,,,,,,,,
497,"497C","UMCA",31,"T","C",,,,,,,,,,,,,,,,
498,"498S","UMCA",32,"T","S",,,,,,,,,,,,,,,,
498,"498C","UMCA",32,"T","C",,,,,,,,,,,,,,,,
499,"499S","UMCA",1,"C","S",,,,,,,,,,,,,,,,
499,"499C","UMCA",1,"C","C",,,,,,,,,,,,,,,,
500,"500S","UMCA",2,"C","S",,,,,,,,,,,,,,,,
500,"500C","UMCA",2,"C","C",,,,,,,,,,,,,,,,
501,"501S","UMCA",3,"C","S",,,,,,,,,,,,,,,,
501,"501C","UMCA",3,"C","C",,,,,,,,,,,,,,,,
502,"502S","UMCA",4,"C","S",,,,,,,,,,,,,,,,
502,"502C","UMCA",4,"C","C",,,,,,,,,,,,,,,,
503,"503S","UMCA",5,"C","S",,,,,,,,,,,,,,,,
503,"503C","UMCA",5,"C","C",,,,,,,,,,,,,,,,
504,"504S","UMCA",6,"C","S",,,,,,,,,,,,,,,,
504,"504C","UMCA",6,"C","C",,,,,,,,,,,,,,,,
505,"505S","UMCA",7,"C","S",,,,,,,,,,,,,,,,
505,"505C","UMCA",7,"C","C",,,,,,,,,,,,,,,,
506,"506S","UMCA",8,"C","S",,,,,,,,,,,,,,,,
506,"506C","UMCA",8,"C","C",,,,,,,,,,,,,,,,
507,"507S","UMCA",9,"C","S",,,,,,,,,,,,,,,,
507,"507C","UMCA",9,"C","C",,,,,,,,,,,,,,,,
508,"508S","UMCA",10,"C","S",,,,,,,,,,,,,,,,
508,"508C","UMCA",10,"C","C",,,,,,,,,,,,,,,,
509,"509S","UMCA",11,"C","S",,,,,,,,,,,,,,,,
509,"509C","UMCA",11,"C","C",,,,,,,,,,,,,,,,
510,"510S","UMCA",12,"C","S",,,,,,,,,,,,,,,,
510,"510C","UMCA",12,"C","C",,,,,,,,,,,,,,,,
511,"511S","UMCA",13,"C","S",,,,,,,,,,,,,,,,
511,"511C","UMCA",13,"C","C",,,,,,,,,,,,,,,,
512,"512S","UMCA",14,"C","S",,,,,,,,,,,,,,,,
512,"512C","UMCA",14,"C","C",,,,,,,,,,,,,,,,
513,"513S","UMCA",15,"C","S",,,,,,,,,,,,,,,,
513,"513C","UMCA",15,"C","C",,,,,,,,,,,,,,,,
514,"514S","UMCA",16,"C","S",,,,,,,,,,,,,,,,
514,"514C","UMCA",16,"C","C",,,,,,,,,,,,,,,,
515,"515S","UMCA",17,"C","S",,,,,,,,,,,,,,,,
515,"515C","UMCA",17,"C","C",,,,,,,,,,,,,,,,
516,"516S","UMCA",18,"C","S",,,,,,,,,,,,,,,,
516,"516C","UMCA",18,"C","C",,,,,,,,,,,,,,,,
517,"517S","UMCA",19,"C","S",,,,,,,,,,,,,,,,
517,"517C","UMCA",19,"C","C",,,,,,,,,,,,,,,,
518,"518S","UMCA",20,"C","S",,,,,,,,,,,,,,,,
518,"518C","UMCA",20,"C","C",,,,,,,,,,,,,,,,
519,"519S","UMCA",21,"C","S",,,,,,,,,,,,,,,,
519,"519C","UMCA",21,"C","C",,,,,,,,,,,,,,,,
520,"520S","UMCA",22,"C","S",,,,,,,,,,,,,,,,
520,"520C","UMCA",22,"C","C",,,,,,,,,,,,,,,,
521,"521S","UMCA",23,"C","S",,,,,,,,,,,,,,,,
521,"521C","UMCA",23,"C","C",,,,,,,,,,,,,,,,
522,"522S","UMCA",24,"C","S",,,,,,,,,,,,,,,,
522,"522C","UMCA",24,"C","C",,,,,,,,,,,,,,,,
523,"523S","UMCA",25,"C","S",,,,,,,,,,,,,,,,
523,"523C","UMCA",25,"C","C",,,,,,,,,,,,,,,,
524,"524S","UMCA",26,"C","S",,,,,,,,,,,,,,,,
524,"524C","UMCA",26,"C","C",,,,,,,,,,,,,,,,
525,"525S","UMCA",27,"C","S",,,,,,,,,,,,,,,,
525,"525C","UMCA",27,"C","C",,,,,,,,,,,,,,,,
526,"526S","UMCA",28,"C","S",,,,,,,,,,,,,,,,
526,"526C","UMCA",28,"C","C",,,,,,,,,,,,,,,,
527,"527S","UMCA",29,"C","S",,,,,,,,,,,,,,,,
527,"527C","UMCA",29,"C","C",,,,,,,,,,,,,,,,
528,"528S","UMCA",30,"C","S",,,,,,,,,,,,,,,,
528,"528C","UMCA",30,"C","C",,,,,,,,,,,,,,,,
529,"529S","UMCA",31,"C","S",,,,,,,,,,,,,,,,
529,"529C","UMCA",31,"C","C",,,,,,,,,,,,,,,,
530,"530S","UMCA",32,"C","S",,,,,,,,,,,,,,,,
530,"530C","UMCA",32,"C","C",,,,,,,,,,,,,,,,
