"leafID","leafID2","species","ind","leaf","trt","spore_assay","processor","spore_counter","date_counted","count1","count2","count3","prop","perc_lesion","leaf_area_cm2","lesion_area_cm2","asymp","notes","omit","easting","northing","date_proc"
1,"1S","ACMA",1,1,"T","S","LMR","LMR","2019-05-21",8,9,13,NA,89.14,1.23,1.09,NA,NA,NA,606006,4023900,"2019-05-17"
2,"2S","ACMA",2,1,"T","S","LMR","LMR","2019-05-21",4,0,0,NA,94.46,1.23,1.16,NA,NA,NA,606007,4023900,"2019-05-17"
3,"3S","ACMA",3,1,"T","S","LMR","LMR","2019-05-21",1,1,3,NA,85.13,1.23,1.04,NA,NA,NA,606011,4023894,"2019-05-17"
4,"4S","ACMA",4,1,"T","S","LMR","LMR","2019-05-21",7,2,1,NA,51.76,1.23,0.64,NA,NA,NA,606026,4023890,"2019-05-17"
5,"5S","ACMA",5,1,"T","S","LMR","LMR","2019-05-21",0,0,0,NA,48.99,1.23,0.6,NA,NA,NA,606032,4023879,"2019-05-17"
6,"6S","ACMA",6,1,"T","S","LMR","LMR","2019-05-21",10,15,15,NA,100,1.23,1.23,NA,NA,NA,606032,4023879,"2019-05-17"
7,"7S","ACMA",7,1,"T","S","LMR","LMR","2019-05-21",0,0,0,NA,94.93,1.23,1.16,NA,NA,NA,606144,4023903,"2019-05-17"
8,"8S","ACMA",8,1,"T","S","LMR","LMR","2019-05-21",2,1,3,NA,98.67,1.23,1.21,NA,NA,NA,606162,4023899,"2019-05-17"
9,"9S","ACMA",9,1,"T","S","LMR","LMR","2019-08-01",1,1,1,NA,51.47,1.23,0.63,NA,NA,NA,606173,4023908,"2019-05-17"
10,"10S","ACMA",10,1,"T","S","LMR","LMR","2019-08-01",0,1,3,NA,81.06,1.23,0.99,NA,NA,NA,606190,4023915,"2019-05-17"
11,"11S","ACMA",11,1,"T","S","LMR","LMR","2019-08-01",0,0,2,NA,73.05,1.23,0.9,NA,NA,NA,606190,4023915,"2019-05-17"
12,"12S","ACMA",12,1,"T","S","LMR","LMR","2019-08-01",0,0,0,NA,73.25,1.23,0.9,NA,NA,NA,606256,4023936,"2019-05-17"
13,"13S","ACMA",13,1,"T","S","LMR","LMR","2019-08-01",3,2,2,NA,82.93,1.23,1.02,NA,NA,NA,606291,4023923,"2019-05-17"
14,"14S","ACMA",14,1,"T","S","LMR","LMR","2019-08-01",0,0,0,NA,96.57,1.23,1.19,NA,NA,NA,606324,4023880,"2019-05-17"
15,"15S","ACMA",15,1,"T","S","LMR","LMR","2019-08-01",0,1,1,NA,74.36,1.23,0.91,NA,NA,NA,606335,4023948,"2019-05-17"
16,"16S","ACMA",16,1,"T","S","LMR","LMR","2019-08-01",1,0,1,NA,67.98,1.23,0.83,NA,NA,NA,606330,4023945,"2019-05-17"
17,"17S","ACMA",17,1,"T","S","LMR","LMR","2019-08-01",0,1,1,NA,58.92,1.23,0.72,NA,NA,NA,606330,4023945,"2019-05-17"
18,"18S","ACMA",18,1,"T","S","LMR","LMR","2019-08-01",0,1,0,NA,100,1.23,1.23,NA,NA,NA,606306,4023954,"2019-05-17"
19,"19S","ACMA",19,1,"T","S","LMR","LMR","2019-08-01",0,0,0,NA,99.99,1.23,1.23,NA,NA,NA,606302,4023964,"2019-05-17"
20,"20S","ACMA",20,1,"T","S","LMR","LMR","2019-08-01",1,1,0,NA,72.97,1.23,0.9,NA,NA,NA,606291,4023962,"2019-05-17"
21,"21S","ACMA",21,1,"T","S","LMR","LMR","2019-08-01",2,0,0,NA,79.48,1.23,0.98,NA,NA,NA,606291,4023962,"2019-05-17"
22,"22S","ACMA",22,1,"T","S","LMR","LMR","2019-08-01",0,0,1,NA,61.46,1.23,0.75,NA,NA,NA,606291,4023962,"2019-05-17"
23,"23S","ACMA",23,1,"T","S","LMR","LMR","2019-08-01",2,4,0,NA,76.57,1.23,0.94,NA,"discs placed horizontally instead of vertically. Guessed the one closer to corner was sporangia.",NA,606291,4023962,"2019-05-17"
24,"24S","ACMA",24,1,"T","S","LMR","LMR","2019-08-01",0,0,1,NA,95.56,1.23,1.17,NA,NA,NA,606292,4023969,"2019-05-17"
25,"25S","ACMA",25,1,"T","S","LMR","LMR","2019-08-05",0,2,0,NA,100,1.23,1.23,NA,NA,NA,606288,4023968,"2019-05-17"
26,"26S","ACMA",26,1,"T","S","LMR","LMR","2019-08-05",228,229,150,NA,99.4,1.23,1.22,NA,"holy shit",NA,606281,4023962,"2019-05-17"
27,"27S","ACMA",27,1,"T","S","LMR","LMR","2019-08-05",1,7,5,NA,84.73,1.23,1.04,NA,NA,NA,606219,4024020,"2019-05-17"
28,"28S","ACMA",28,1,"T","S","LMR","LMR","2019-08-05",12,9,13,NA,100,1.23,1.23,NA,NA,NA,606219,4024020,"2019-05-17"
29,"29S","ACMA",29,1,"T","S","LMR","LMR","2019-08-05",1,2,4,NA,92.19,1.23,1.13,NA,NA,NA,606219,4024020,"2019-05-17"
30,"30S","ACMA",30,1,"T","S","LMR","LMR","2019-08-05",3,2,3,NA,87.98,1.23,1.08,NA,NA,NA,606281,4023983,"2019-05-17"
31,"31S","ACMA",31,1,"T","S","LMR","LMR","2019-05-21",2,3,1,NA,99.56,1.23,1.22,NA,NA,NA,606256,4023973,"2019-05-17"
32,"32S","ACMA",32,1,"T","S","LMR","LMR","2019-05-21",1,0,0,NA,99.96,1.23,1.23,NA,NA,NA,606026,4023761,"2019-05-17"
43,"43S","ARME",1,1,"T","S","SF","LMR","2019-05-21",0,0,0,NA,67.84,1.23,0.83,NA,NA,NA,605928,4023758,"2019-05-17"
44,"44S","ARME",2,1,"T","S","SF","LMR","2019-05-21",0,0,0,NA,85.71,1.23,1.05,NA,NA,NA,605916,4023752,"2019-05-17"
45,"45S","ARME",3,1,"T","S","SF","LMR","2019-05-21",0,0,1,NA,95.3,1.23,1.17,NA,NA,NA,605927,4023742,"2019-05-17"
46,"46S","ARME",4,1,"T","S","SF","LMR","2019-05-21",0,0,0,NA,75.01,1.23,0.92,NA,NA,NA,605931,4023750,"2019-05-17"
47,"47S","ARME",5,1,"T","S","SF","LMR","2019-08-07",0,1,0,NA,99.63,1.23,1.22,NA,NA,NA,605911,4023760,"2019-05-17"
48,"48S","ARME",6,1,"T","S","SF","LMR","2019-08-07",0,0,2,NA,58.9,1.23,0.72,NA,NA,NA,605911,4023760,"2019-05-17"
49,"49S","ARME",7,1,"T","S","SF","LMR","2019-08-07",0,1,0,NA,94.87,1.23,1.16,NA,NA,NA,605917,4023775,"2019-05-17"
50,"50S","ARME",8,1,"T","S","SF","LMR","2019-08-07",0,1,0,NA,99.45,1.23,1.22,NA,NA,NA,605904,4023794,"2019-05-17"
51,"51S","ARME",9,1,"T","S","SF","LMR","2019-08-07",0,0,1,NA,98.5,1.23,1.21,NA,NA,NA,605910,4023803,"2019-05-17"
52,"52S","ARME",10,1,"T","S","SF","LMR","2019-08-07",0,2,1,NA,100,1.23,1.23,NA,NA,NA,605900,4023805,"2019-05-17"
53,"53S","ARME",11,1,"T","S","SF","LMR","2019-08-07",2,0,0,NA,100,1.23,1.23,NA,NA,NA,605908,4023807,"2019-05-17"
54,"54S","ARME",12,1,"T","S","SF","LMR","2019-08-07",2,1,1,NA,100,1.23,1.23,NA,NA,NA,605913,4023804,"2019-05-17"
55,"55S","ARME",13,1,"T","S","SF","LMR","2019-08-07",1,3,1,NA,100,1.23,1.23,NA,NA,NA,605915,4023805,"2019-05-17"
56,"56S","ARME",14,1,"T","S","SF","LMR","2019-08-07",1,1,0,NA,98.5,1.23,1.21,NA,NA,NA,605900,4023813,"2019-05-17"
57,"57S","ARME",15,1,"T","S","SF","LMR","2019-08-07",0,0,0,NA,100,1.23,1.23,NA,NA,NA,605895,4023811,"2019-05-17"
58,"58S","ARME",16,1,"T","S","SF","LMR","2019-08-07",0,0,0,NA,100,1.23,1.23,NA,NA,NA,605892,4023806,"2019-05-17"
59,"59S","ARME",17,1,"T","S","SF","LMR","2019-08-07",0,0,1,NA,100,1.23,1.23,NA,NA,NA,605886,4023806,"2019-05-17"
60,"60S","ARME",18,1,"T","S","SF","LMR","2019-08-07",0,0,0,NA,100,1.23,1.23,NA,NA,NA,605848,4023819,"2019-05-17"
61,"61S","ARME",19,1,"T","S","SF","LMR","2019-08-07",0,1,0,NA,100,1.23,1.23,NA,NA,NA,605835,4023821,"2019-05-17"
62,"62S","ARME",20,1,"T","S","SF","LMR","2019-08-07",1,0,0,NA,100,1.23,1.23,NA,NA,NA,605830,4023823,"2019-05-17"
63,"63S","ARME",21,1,"T","S","SF","LMR","2019-08-07",0,1,0,NA,100,1.23,1.23,NA,NA,NA,605835,4023841,"2019-05-17"
64,"64S","ARME",22,1,"T","S","SF","LMR","2019-08-07",0,0,0,NA,84.11,1.23,1.03,NA,NA,NA,605837,4023841,"2019-05-17"
65,"65S","ARME",23,1,"T","S","SF","LMR","2019-08-07",0,2,0,NA,87.58,1.23,1.07,NA,NA,NA,605798,4023854,"2019-05-17"
66,"66S","ARME",24,1,"T","S","SF","LMR","2019-08-07",0,1,1,NA,100,1.23,1.23,NA,NA,NA,605790,4023855,"2019-05-17"
67,"67S","ARME",25,1,"T","S","SF","LMR","2019-08-07",0,0,1,NA,100,1.23,1.23,NA,NA,NA,605797,4023862,"2019-05-17"
68,"68S","ARME",26,1,"T","S","SF","LMR","2019-08-07",1,0,0,NA,99.89,1.23,1.23,NA,NA,NA,605800,4023875,"2019-05-17"
69,"69S","ARME",27,1,"T","S","SF","LMR","2019-08-07",0,0,0,NA,100,1.23,1.23,NA,NA,NA,605800,4023875,"2019-05-17"
70,"70S","ARME",28,1,"T","S","SF","LMR","2019-08-07",0,1,0,NA,100,1.23,1.23,NA,NA,NA,605800,4023870,"2019-05-17"
72,"72S","ARME",30,1,"T","S","SF","LMR","2019-08-07",0,0,2,NA,74.4,1.23,0.91,NA,NA,NA,605822,4023874,"2019-05-17"
73,"73S","ARME",31,1,"T","S","SF","LMR","2019-08-07",0,0,0,NA,100,1.23,1.23,NA,NA,NA,605822,4023874,"2019-05-17"
74,"74S","ARME",32,1,"T","S","SF","LMR","2019-08-07",0,0,1,NA,100,1.23,1.23,NA,NA,NA,605822,4023874,"2019-05-17"
85,"85S","CEOL",1,1,"T","S","SF","LMR","2019-08-07",1,2,1,NA,0,1.23,0,1,NA,NA,605839,4023839,"2019-05-17"
86,"86S","CEOL",2,1,"T","S","SF","LMR","2019-08-07",1,0,2,NA,100,1.23,1.23,NA,NA,NA,605791,4023869,"2019-05-17"
87,"87S","CEOL",3,1,"T","S","SF","LMR","2019-08-07",1,0,2,NA,29.23,1.23,0.36,NA,NA,NA,605791,4023869,"2019-05-17"
88,"88S","CEOL",4,1,"T","S","SF","LMR","2019-08-07",0,0,1,NA,75.9,1.23,0.93,NA,NA,NA,605791,4023869,"2019-05-17"
89,"89S","CEOL",5,1,"T","S","SF","LMR","2019-08-07",0,0,0,NA,100,1.23,1.23,NA,NA,NA,605786,4023862,"2019-05-17"
90,"90S","CEOL",6,1,"T","S","SF","LMR","2019-08-07",1,0,1,NA,100,1.23,1.23,NA,NA,NA,605797,4023865,"2019-05-17"
91,"91S","CEOL",7,1,"T","S","SF","LMR","2019-08-07",1,1,0,NA,51.43,1.23,0.63,NA,NA,NA,605794,4023870,"2019-05-17"
92,"92S","CEOL",8,1,"T","S","SF","LMR","2019-08-07",1,3,0,NA,100,1.23,1.23,NA,NA,NA,605793,4023870,"2019-05-17"
93,"93S","CEOL",9,1,"T","S","SF","LMR","2019-08-07",0,0,0,NA,34.94,1.23,0.43,NA,NA,NA,605793,4023876,"2019-05-17"
94,"94S","CEOL",10,1,"T","S","SF","LMR","2019-08-07",0,0,0,NA,100,1.23,1.23,NA,NA,NA,605793,4023876,"2019-05-17"
95,"95S","CEOL",11,1,"T","S","SF","LMR","2019-08-07",1,0,0,NA,100,1.23,1.23,NA,NA,NA,605793,4023876,"2019-05-17"
96,"96S","CEOL",12,1,"T","S","SF","LMR","2019-08-07",1,0,0,NA,85.28,1.23,1.05,NA,NA,NA,605793,4023876,"2019-05-17"
97,"97S","CEOL",13,1,"T","S","SF","LMR","2019-08-07",1,0,0,NA,100,1.23,1.23,1,NA,NA,605797,4023875,"2019-05-17"
98,"98S","CEOL",14,1,"T","S","SF","LMR","2019-08-07",1,0,0,NA,33.62,1.23,0.41,NA,NA,NA,605797,4023875,"2019-05-17"
99,"99S","CEOL",15,1,"T","S","SF","LMR","2019-08-07",1,0,1,NA,47.74,1.23,0.59,NA,NA,NA,605799,4023873,"2019-05-17"
100,"100S","CEOL",16,1,"T","S","SF","LMR","2019-08-07",1,0,2,NA,30.89,1.23,0.38,NA,NA,NA,605798,4023879,"2019-05-17"
101,"101S","CEOL",17,1,"T","S","SF","LMR","2019-08-07",1,0,0,NA,100,1.23,1.23,NA,NA,NA,605798,4023879,"2019-05-17"
102,"102S","CEOL",18,1,"T","S","SF","LMR","2019-08-07",1,0,0,NA,100,1.23,1.23,NA,NA,NA,605798,4023879,"2019-05-17"
103,"103S","CEOL",19,1,"T","S","SF","LMR","2019-08-07",0,0,0,NA,82.65,1.23,1.01,NA,NA,NA,605811,4023871,"2019-05-17"
104,"104S","CEOL",20,1,"T","S","SF","LMR","2019-08-07",1,2,1,NA,100,1.23,1.23,NA,NA,NA,605811,4023871,"2019-05-17"
105,"105S","CEOL",21,1,"T","S","SF","LMR","2019-08-07",1,0,0,NA,100,1.23,1.23,NA,NA,NA,605811,4023871,"2019-05-17"
106,"106S","CEOL",22,1,"T","S","SF","LMR","2019-08-07",0,0,1,NA,70.73,1.23,0.87,NA,NA,NA,605811,4023871,"2019-05-17"
107,"107S","CEOL",23,1,"T","S","SF","LMR","2019-08-07",0,0,0,NA,100,1.23,1.23,NA,NA,NA,605815,4023869,"2019-05-17"
108,"108S","CEOL",24,1,"T","S","SF","LMR","2019-08-07",1,0,3,NA,79.76,1.23,0.98,NA,NA,NA,605815,4023869,"2019-05-17"
109,"109S","CEOL",25,1,"T","S","SF","LMR","2019-08-07",1,1,1,NA,100,1.23,1.23,NA,NA,NA,605815,4023869,"2019-05-17"
110,"110S","CEOL",26,1,"T","S","SF","LMR","2019-08-07",1,1,0,NA,100,1.23,1.23,NA,NA,NA,605813,4023874,"2019-05-17"
111,"111S","CEOL",27,1,"T","S","SF","LMR","2019-08-07",0,0,1,NA,61.09,1.23,0.75,NA,NA,NA,605813,4023874,"2019-05-17"
112,"112S","CEOL",28,1,"T","S","SF","LMR","2019-08-07",1,1,0,NA,100,1.23,1.23,NA,NA,NA,605813,4023874,"2019-05-17"
113,"113S","CEOL",29,1,"T","S","SF","LMR","2019-08-07",3,3,2,NA,100,1.23,1.23,NA,NA,NA,605813,4023874,"2019-05-17"
114,"114S","CEOL",30,1,"T","S","SF","LMR","2019-08-07",1,0,2,NA,100,1.23,1.23,NA,NA,NA,605810,4023876,"2019-05-17"
115,"115S","CEOL",31,1,"T","S","SF","LMR","2019-08-07",7,7,5,NA,100,1.23,1.23,NA,NA,NA,605810,4023876,"2019-05-17"
116,"116S","CEOL",32,1,"T","S","SF","LMR","2019-08-07",10,8,9,NA,55.07,1.23,0.68,NA,NA,NA,605810,4023876,"2019-05-17"
127,"127S","HEAR",1,1,"T","S","LMR","LMR","2019-08-06",0,1,1,NA,34.01,1.23,0.42,NA,"older leaf with some spots",NA,606071,4023751,"2019-05-17"
128,"128S","HEAR",2,1,"T","S","LMR","LMR","2019-08-06",0,0,1,NA,86.38,1.23,1.06,NA,NA,NA,606067,4023750,"2019-05-17"
129,"129S","HEAR",3,1,"T","S","LMR","LMR","2019-08-06",2,0,1,NA,49.12,1.23,0.6,NA,NA,NA,606195,4023677,"2019-05-17"
130,"130S","HEAR",4,1,"T","S","LMR","LMR","2019-08-06",0,0,0,NA,0,1.23,0,1,NA,NA,606120,4023666,"2019-05-17"
131,"131S","HEAR",5,1,"T","S","LMR","LMR","2019-08-06",1,2,1,NA,21.01,1.23,0.26,NA,"older leaf with some spots",NA,606118,4023674,"2019-05-17"
132,"132S","HEAR",6,1,"T","S","LMR","LMR","2019-08-06",0,1,0,NA,12.11,1.23,0.15,NA,NA,NA,606064,4023741,"2019-05-17"
133,"133S","HEAR",7,1,"T","S","LMR","LMR","2019-08-06",2,1,0,NA,68.26,1.23,0.84,NA,"nice new adult leaf",NA,606110,4023729,"2019-05-17"
134,"134S","HEAR",8,1,"T","S","LMR","LMR","2019-08-06",0,1,1,NA,45.99,1.23,0.56,NA,NA,NA,606121,4023694,"2019-05-17"
135,"135S","HEAR",9,1,"T","S","LMR","LMR","2019-08-06",0,0,1,NA,19.57,1.23,0.24,NA,"older lvs",NA,606121,4023695,"2019-05-17"
136,"136S","HEAR",10,1,"T","S","LMR","LMR","2019-08-06",1,1,1,NA,83.29,1.23,1.02,NA,NA,NA,606119,4023691,"2019-05-17"
137,"137S","HEAR",11,1,"T","S","LMR","LMR","2019-08-06",1,1,2,NA,49.81,1.23,0.61,NA,NA,NA,606226,4023928,"2019-05-17"
138,"138S","HEAR",12,1,"T","S","LMR","LMR","2019-08-06",0,3,1,NA,0,1.23,0,1,NA,NA,606246,4023940,"2019-05-17"
139,"139S","HEAR",13,1,"T","S","LMR","LMR","2019-08-06",2,0,1,NA,36.38,1.23,0.45,NA,"older lvs",NA,606330,4023944,"2019-05-17"
140,"140S","HEAR",14,1,"T","S","LMR","LMR","2019-08-06",0,0,0,NA,29.97,1.23,0.37,NA,NA,NA,606313,4024090,"2019-05-17"
141,"141S","HEAR",15,1,"T","S","LMR","LMR","2019-08-06",0,0,0,NA,11.38,1.23,0.14,NA,NA,NA,606311,4024087,"2019-05-17"
142,"142S","HEAR",16,1,"T","S","LMR","LMR","2019-08-06",0,1,1,NA,16.87,1.23,0.21,NA,NA,NA,606310,4024108,"2019-05-17"
143,"143S","HEAR",17,1,"T","S","LMR","LMR","2019-08-06",1,1,4,NA,44.98,1.23,0.55,NA,NA,NA,606311,4024114,"2019-05-17"
144,"144S","HEAR",18,1,"T","S","LMR","LMR","2019-08-06",1,0,1,NA,23.14,1.23,0.28,NA,NA,NA,606309,4024118,"2019-05-17"
145,"145S","HEAR",19,1,"T","S","LMR","LMR","2019-08-06",0,2,1,NA,5,1.23,0.06,NA,NA,NA,606311,4024118,"2019-05-17"
146,"146S","HEAR",20,1,"T","S","LMR","LMR","2019-08-06",0,0,0,NA,35.63,1.23,0.44,NA,"older lvs",NA,606313,4024122,"2019-05-17"
147,"147S","HEAR",21,1,"T","S","LMR","LMR","2019-08-06",1,1,0,NA,44.55,1.23,0.55,NA,NA,NA,606311,4024115,"2019-05-17"
148,"148S","HEAR",22,1,"T","S","LMR","LMR","2019-08-06",0,0,1,NA,29.51,1.23,0.36,NA,NA,NA,606336,4024147,"2019-05-17"
149,"149S","HEAR",23,1,"T","S","LMR","LMR","2019-08-06",0,0,0,NA,37.1,1.23,0.46,NA,NA,NA,606341,4024151,"2019-05-17"
150,"150S","HEAR",24,1,"T","S","LMR","LMR","2019-08-06",2,0,2,NA,0,1.23,0,1,NA,NA,606333,4024153,"2019-05-17"
151,"151S","HEAR",25,1,"T","S","LMR","LMR","2019-08-06",2,1,3,NA,20.62,1.23,0.25,NA,"drop dry, but lesions present. Lid still wet",NA,606335,4024154,"2019-05-17"
152,"152S","HEAR",26,1,"T","S","LMR","LMR","2019-08-06",0,0,1,NA,30.23,1.23,0.37,NA,"drop dry, but lesions present. Lid still wet",NA,606333,4024156,"2019-05-17"
153,"153S","HEAR",27,1,"T","S","LMR","LMR","2019-08-06",0,1,0,NA,20.52,1.23,0.25,NA,"drop dry, but lesions present. Lid still wet",NA,606333,4024158,"2019-05-17"
154,"154S","HEAR",28,1,"T","S","LMR","LMR","2019-08-06",1,4,0,NA,31.64,1.23,0.39,NA,"drop dry, but lesions present. Lid still wet",NA,606341,4024168,"2019-05-17"
155,"155S","HEAR",29,1,"T","S","LMR","LMR","2019-08-06",1,1,1,NA,41.37,1.23,0.51,NA,NA,NA,606347,4024169,"2019-05-17"
156,"156S","HEAR",30,1,"T","S","LMR","LMR","2019-08-06",0,1,1,NA,30.64,1.23,0.38,NA,NA,NA,606353,4024187,"2019-05-17"
157,"157S","HEAR",31,1,"T","S","LMR","LMR","2019-08-06",0,0,0,NA,42.66,1.23,0.52,NA,NA,NA,606355,4024188,"2019-05-17"
158,"158S","HEAR",32,1,"T","S","LMR","LMR","2019-08-06",0,0,0,NA,84.53,1.23,1.04,NA,NA,NA,606353,4024188,"2019-05-17"
169,"169S","LIDE",1,1,"T","S","LMR","LMR","2019-08-01",2,6,1,NA,13.55,1.23,0.17,NA,NA,NA,605866,4023810,"2019-05-17"
170,"170S","LIDE",2,1,"T","S","LMR","LMR","2019-08-01",5,4,3,NA,4.81,1.23,0.06,NA,"no drop",NA,605835,4023819,"2019-05-17"
171,"171S","LIDE",3,1,"T","S","LMR","LMR","2019-08-01",10,17,17,NA,10.04,1.23,0.12,NA,NA,NA,605839,4023823,"2019-05-17"
172,"172S","LIDE",4,1,"T","S","LMR","LMR","2019-08-01",7,11,1,NA,0.81,1.23,0.01,1,"no drop",NA,605839,4023823,"2019-05-17"
173,"173S","LIDE",5,1,"T","S","LMR","LMR","2019-08-01",3,1,0,NA,2.45,1.23,0.03,NA,NA,NA,605839,4023823,"2019-05-17"
174,"174S","LIDE",6,1,"T","S","LMR","LMR","2019-08-01",20,16,19,NA,0.73,1.23,0.01,NA,NA,NA,605836,4023838,"2019-05-17"
175,"175S","LIDE",7,1,"T","S","LMR","LMR","2019-08-01",5,6,9,NA,14.19,1.23,0.17,NA,NA,NA,605826,4023848,"2019-05-17"
176,"176S","LIDE",8,1,"T","S","LMR","LMR","2019-08-01",23,27,26,NA,8.75,1.23,0.11,NA,NA,NA,605826,4023848,"2019-05-17"
177,"177S","LIDE",9,1,"T","S","LMR","LMR","2019-08-01",1,6,7,NA,1.59,1.23,0.02,NA,NA,NA,605829,4023840,"2019-05-17"
178,"178S","LIDE",10,1,"T","S","LMR","LMR","2019-08-01",18,21,18,NA,12.91,1.23,0.16,NA,NA,NA,605796,4023846,"2019-05-17"
179,"179S","LIDE",11,1,"T","S","LMR","LMR","2019-08-01",4,4,5,NA,4.05,1.23,0.05,NA,NA,NA,605792,4023853,"2019-05-17"
180,"180S","LIDE",12,1,"T","S","LMR","LMR","2019-08-01",12,12,11,NA,11.29,1.23,0.14,NA,NA,NA,605788,4023862,"2019-05-17"
181,"181S","LIDE",13,1,"T","S","LMR","LMR","2019-08-01",6,10,9,NA,10.21,1.23,0.13,NA,NA,NA,605786,4023864,"2019-05-17"
182,"182S","LIDE",14,1,"T","S","LMR","LMR","2019-08-01",10,9,12,NA,10.2,1.23,0.13,NA,NA,NA,605786,4023864,"2019-05-17"
183,"183S","LIDE",15,1,"T","S","LMR","LMR","2019-08-01",2,2,2,NA,0,1.23,0,1,NA,NA,605786,4023864,"2019-05-17"
184,"184S","LIDE",16,1,"T","S","LMR","LMR","2019-08-01",6,2,8,NA,15.56,1.23,0.19,NA,NA,NA,605821,4023875,"2019-05-17"
185,"185S","LIDE",17,1,"T","S","LMR","LMR","2019-08-01",5,4,3,NA,9.16,1.23,0.11,NA,NA,NA,605821,4023875,"2019-05-17"
186,"186S","LIDE",18,1,"T","S","LMR","LMR","2019-08-01",6,3,5,NA,8.91,1.23,0.11,NA,NA,NA,605827,4023881,"2019-05-17"
187,"187S","LIDE",19,1,"T","S","LMR","LMR","2019-08-01",3,2,3,NA,7.49,1.23,0.09,NA,NA,NA,605827,4023881,"2019-05-17"
188,"188S","LIDE",20,1,"T","S","LMR","LMR","2019-08-01",2,3,2,NA,9.22,1.23,0.11,NA,NA,NA,605833,4023896,"2019-05-17"
189,"189S","LIDE",21,1,"T","S","LMR","LMR","2019-08-01",34,22,19,NA,9.79,1.23,0.12,NA,"discs on top of each other",NA,605839,4023882,"2019-05-17"
190,"190S","LIDE",22,1,"T","S","LMR","LMR","2019-08-01",8,7,4,NA,10.68,1.23,0.13,NA,NA,NA,605847,4023884,"2019-05-17"
191,"191S","LIDE",23,1,"T","S","LMR","LMR","2019-08-01",3,4,3,NA,7.57,1.23,0.09,NA,NA,NA,605844,4023883,"2019-05-17"
192,"192S","LIDE",24,1,"T","S","LMR","LMR","2019-08-01",4,4,8,NA,5.93,1.23,0.07,NA,NA,NA,605844,4023883,"2019-05-17"
193,"193S","LIDE",25,1,"T","S","LMR","LMR","2019-08-01",17,18,18,NA,11.18,1.23,0.14,NA,NA,NA,605842,4023874,"2019-05-17"
194,"194S","LIDE",26,1,"T","S","LMR","LMR","2019-08-01",20,20,18,NA,9.59,1.23,0.12,NA,NA,NA,605843,4023870,"2019-05-17"
195,"195S","LIDE",27,1,"T","S","LMR","LMR","2019-08-01",0,1,0,NA,0,1.23,0,NA,NA,NA,605840,4023853,"2019-05-17"
196,"196S","LIDE",28,1,"T","S","LMR","LMR","2019-08-01",10,12,10,NA,10.26,1.23,0.13,NA,NA,NA,605859,4023863,"2019-05-17"
197,"197S","LIDE",29,1,"T","S","LMR","LMR","2019-08-01",12,6,8,NA,2.55,1.23,0.03,NA,NA,NA,605857,4023866,"2019-05-17"
198,"198S","LIDE",30,1,"T","S","LMR","LMR","2019-08-01",12,8,12,NA,12.16,1.23,0.15,NA,NA,NA,605857,4023866,"2019-05-17"
199,"199S","LIDE",31,1,"T","S","LMR","LMR","2019-08-01",2,6,0,NA,1.92,1.23,0.02,NA,NA,NA,605857,4023866,"2019-05-17"
200,"200S","LIDE",32,1,"T","S","LMR","LMR","2019-08-01",10,14,10,NA,12.15,1.23,0.15,NA,NA,NA,605840,4023841,"2019-05-17"
233,"233S","QUAG",1,1,"T","S","LMR","LMR","2019-08-08",1,0,0,NA,20.23,1.23,0.25,NA,"leave drier, still lesions",NA,605933,4023758,"2019-05-17"
234,"234S","QUAG",2,1,"T","S","LMR","LMR","2019-08-08",0,0,0,NA,15.28,1.23,0.19,NA,"leave drier, still lesions",NA,605911,4023750,"2019-05-17"
235,"235S","QUAG",3,1,"T","S","LMR","LMR","2019-08-08",2,1,0,NA,11.44,1.23,0.14,NA,"leave drier, still lesions",NA,605911,4023750,"2019-05-17"
236,"236S","QUAG",4,1,"T","S","LMR","LMR","2019-08-08",2,1,1,NA,17.29,1.23,0.21,NA,"leave drier, still lesions",NA,605906,4023767,"2019-05-17"
237,"237S","QUAG",5,1,"T","S","LMR","LMR","2019-08-08",2,1,0,NA,8.13,1.23,0.1,NA,NA,NA,605902,4023768,"2019-05-17"
238,"238S","QUAG",6,1,"T","S","LMR","LMR","2019-08-08",2,0,0,NA,36.12,1.23,0.44,NA,NA,NA,605897,4023769,"2019-05-17"
239,"239S","QUAG",7,1,"T","S","LMR","LMR","2019-08-08",3,1,2,NA,24.01,1.23,0.29,NA,NA,NA,605910,4023785,"2019-05-17"
240,"240S","QUAG",8,1,"T","S","LMR","LMR","2019-08-08",0,2,1,NA,11.62,1.23,0.14,NA,NA,NA,605897,4023802,"2019-05-17"
241,"241S","QUAG",9,1,"T","S","LMR","LMR","2019-08-08",1,1,1,NA,12.33,1.23,0.15,NA,NA,NA,605943,4023764,"2019-05-17"
242,"242S","QUAG",10,1,"T","S","LMR","LMR","2019-08-08",0,1,0,NA,27.37,1.23,0.34,NA,NA,NA,605954,4023762,"2019-05-17"
243,"243S","QUAG",11,1,"T","S","LMR","LMR","2019-08-08",2,0,0,NA,8.42,1.23,0.1,NA,NA,NA,605954,4023762,"2019-05-17"
244,"244S","QUAG",12,1,"T","S","LMR","LMR","2019-08-08",0,0,0,NA,26.37,1.23,0.32,NA,NA,NA,605938,4023770,"2019-05-17"
245,"245S","QUAG",13,1,"T","S","LMR","LMR","2019-08-08",1,0,0,NA,10.64,1.23,0.13,NA,NA,NA,605970,4023762,"2019-05-17"
246,"246S","QUAG",14,1,"T","S","LMR","LMR","2019-08-08",0,0,1,NA,6.91,1.23,0.08,NA,NA,NA,605975,4023758,"2019-05-17"
247,"247S","QUAG",15,1,"T","S","LMR","LMR","2019-08-08",1,1,4,NA,11.07,1.23,0.14,NA,NA,NA,605971,4023760,"2019-05-17"
248,"248S","QUAG",16,1,"T","S","LMR","LMR","2019-08-08",2,0,1,NA,12.79,1.23,0.16,NA,NA,NA,605970,4023758,"2019-05-17"
249,"249S","QUAG",17,1,"T","S","LMR","LMR","2019-08-08",6,6,2,NA,33.33,1.23,0.41,NA,"dry",NA,605968,4023761,"2019-05-17"
250,"250S","QUAG",18,1,"T","S","LMR","LMR","2019-08-08",1,2,0,NA,32.69,1.23,0.4,NA,NA,NA,605959,4023752,"2019-05-17"
251,"251S","QUAG",19,1,"T","S","LMR","LMR","2019-08-08",13,4,6,NA,19.52,1.23,0.24,NA,"dry",NA,605961,4023753,"2019-05-17"
252,"252S","QUAG",20,1,"T","S","LMR","LMR","2019-08-08",1,5,2,NA,84.84,1.23,1.04,NA,"dry",NA,605954,4023745,"2019-05-17"
253,"253S","QUAG",21,1,"T","S","LMR","LMR","2019-08-08",1,0,1,NA,31.39,1.23,0.39,NA,"dry",NA,605949,4023744,"2019-05-17"
254,"254S","QUAG",22,1,"T","S","LMR","LMR","2019-08-08",0,2,1,NA,19.06,1.23,0.23,NA,"dry",NA,605945,4023740,"2019-05-17"
255,"255S","QUAG",23,1,"T","S","LMR","LMR","2019-08-08",0,0,0,NA,9.2,1.23,0.11,NA,NA,NA,605946,4023728,"2019-05-17"
256,"256S","QUAG",24,1,"T","S","LMR","LMR","2019-08-08",3,9,2,NA,13.61,1.23,0.17,NA,"dry",NA,605946,4023722,"2019-05-17"
257,"257S","QUAG",25,1,"T","S","LMR","LMR","2019-08-08",0,0,0,NA,16.35,1.23,0.2,NA,"dry",NA,605937,4023729,"2019-05-17"
258,"258S","QUAG",26,1,"T","S","LMR","LMR","2019-08-08",1,1,1,NA,10.42,1.23,0.13,NA,"dry",NA,605933,4023720,"2019-05-17"
259,"259S","QUAG",27,1,"T","S","LMR","LMR","2019-08-08",5,8,4,NA,13.44,1.23,0.16,NA,NA,NA,605941,4023721,"2019-05-17"
260,"260S","QUAG",28,1,"T","S","LMR","LMR","2019-08-08",1,0,0,NA,3.87,1.23,0.05,NA,NA,NA,605944,4023718,"2019-05-17"
261,"261S","QUAG",29,1,"T","S","LMR","LMR","2019-08-08",2,2,3,NA,14.33,1.23,0.18,NA,NA,NA,605938,4023715,"2019-05-17"
262,"262S","QUAG",30,1,"T","S","LMR","LMR","2019-08-08",2,0,0,NA,13.48,1.23,0.17,NA,NA,NA,605928,4023716,"2019-05-17"
263,"263S","QUAG",31,1,"T","S","LMR","LMR","2019-08-08",0,0,0,NA,2.7,1.23,0.03,1,"small lesions. Might not see on photo",NA,605919,4023717,"2019-05-17"
264,"264S","QUAG",32,1,"T","S","LMR","LMR","2019-08-08",0,0,0,NA,13.44,1.23,0.16,NA,NA,NA,605929,4023705,"2019-05-17"
297,"297S","QUCH",1,1,"T","S","LMR","LMR","2019-08-07",0,0,0,NA,1.86,1.23,0.02,NA,NA,NA,605906,4023768,"2019-05-17"
298,"298S","QUCH",2,1,"T","S","LMR","LMR","2019-08-07",1,1,0,NA,1.07,1.23,0.01,NA,NA,NA,605912,4023784,"2019-05-17"
299,"299S","QUCH",3,1,"T","S","LMR","LMR","2019-08-07",6,5,12,NA,41.09,1.23,0.5,NA,"small spots",NA,605920,4023777,"2019-05-17"
300,"300S","QUCH",4,1,"T","S","LMR","LMR","2019-08-07",3,2,4,NA,5.17,1.23,0.06,NA,NA,NA,605910,4023816,"2019-05-17"
301,"301S","QUCH",5,1,"T","S","LMR","LMR","2019-08-07",0,0,1,NA,2.83,1.23,0.03,NA,"small spots",NA,605897,4023819,"2019-05-17"
302,"302S","QUCH",6,1,"T","S","LMR","LMR","2019-08-07",0,0,1,NA,0,1.23,0,1,NA,NA,605870,4023814,"2019-05-17"
303,"303S","QUCH",7,1,"T","S","LMR","LMR","2019-08-07",6,1,0,NA,0.98,1.23,0.01,NA,NA,NA,605792,4023853,"2019-05-17"
304,"304S","QUCH",8,1,"T","S","LMR","LMR","2019-08-07",0,0,2,NA,3.77,1.23,0.05,NA,"small spots",NA,605843,4023857,"2019-05-17"
305,"305S","QUCH",9,1,"T","S","LMR","LMR","2019-08-07",0,0,1,NA,0.58,1.23,0.01,NA,"spots",NA,605842,4023864,"2019-05-17"
306,"306S","QUCH",10,1,"T","S","LMR","LMR","2019-08-07",3,1,0,NA,2.32,1.23,0.03,NA,"spots, no drop",NA,605895,4023858,"2019-05-17"
307,"307S","QUCH",11,1,"T","S","LMR","LMR","2019-08-07",0,0,1,NA,0.94,1.23,0.01,NA,NA,NA,605858,4023858,"2019-05-17"
308,"308S","QUCH",12,1,"T","S","LMR","LMR","2019-08-07",0,1,1,NA,1.14,1.23,0.01,1,NA,NA,605855,4023842,"2019-05-17"
309,"309S","QUCH",13,1,"T","S","LMR","LMR","2019-08-07",0,0,1,NA,0.49,1.23,0.01,1,NA,NA,605862,4023850,"2019-05-17"
310,"310S","QUCH",14,1,"T","S","LMR","LMR","2019-08-07",1,2,1,NA,1.09,1.23,0.01,1,NA,NA,605862,4023850,"2019-05-17"
311,"311S","QUCH",15,1,"T","S","LMR","LMR","2019-08-07",0,0,1,NA,1.36,1.23,0.02,NA,NA,NA,605862,4023850,"2019-05-17"
312,"312S","QUCH",16,1,"T","S","LMR","LMR","2019-08-07",0,0,0,NA,0.69,1.23,0.01,NA,"spots",NA,605862,4023850,"2019-05-17"
313,"313S","QUCH",17,1,"T","S","LMR","LMR","2019-08-07",6,21,14,NA,31.06,1.23,0.38,NA,"spots",NA,605862,4023850,"2019-05-17"
314,"314S","QUCH",18,1,"T","S","LMR","LMR","2019-08-07",2,4,3,NA,14.24,1.23,0.17,NA,NA,NA,605874,4023854,"2019-05-17"
315,"315S","QUCH",19,1,"T","S","LMR","LMR","2019-08-07",0,0,1,NA,1.37,1.23,0.02,NA,NA,NA,605874,4023855,"2019-05-17"
316,"316S","QUCH",20,1,"T","S","LMR","LMR","2019-08-07",10,13,1,NA,1.38,1.23,0.02,NA,NA,NA,605877,4023858,"2019-05-17"
317,"317S","QUCH",21,1,"T","S","LMR","LMR","2019-08-07",4,7,7,NA,14.91,1.23,0.18,NA,NA,NA,605873,4023867,"2019-05-17"
318,"318S","QUCH",22,1,"T","S","LMR","LMR","2019-08-07",20,26,9,NA,12.2,1.23,0.15,NA,NA,NA,605873,4023867,"2019-05-17"
319,"319S","QUCH",23,1,"T","S","LMR","LMR","2019-08-07",0,0,0,NA,3.79,1.23,0.05,NA,"dry",NA,605882,4023824,"2019-05-17"
320,"320S","QUCH",24,1,"T","S","LMR","LMR","2019-08-07",0,1,1,NA,5.38,1.23,0.07,NA,NA,NA,605877,4023816,"2019-05-17"
321,"321S","QUCH",25,1,"T","S","LMR","LMR","2019-08-07",0,0,2,NA,14.98,1.23,0.18,NA,NA,NA,605885,4023848,"2019-05-17"
322,"322S","QUCH",26,1,"T","S","LMR","LMR","2019-08-07",2,2,2,NA,4.55,1.23,0.06,NA,NA,NA,605893,4023838,"2019-05-17"
323,"323S","QUCH",27,1,"T","S","LMR","LMR","2019-08-07",0,1,2,NA,11.32,1.23,0.14,NA,NA,NA,605890,4023861,"2019-05-17"
324,"324S","QUCH",28,1,"T","S","LMR","LMR","2019-08-07",0,0,0,NA,12.4,1.23,0.15,NA,NA,NA,605890,4023861,"2019-05-17"
325,"325S","QUCH",29,1,"T","S","LMR","LMR","2019-08-07",1,2,3,NA,6.71,1.23,0.08,NA,NA,NA,605870,4023868,"2019-05-17"
326,"326S","QUCH",30,1,"T","S","LMR","LMR","2019-08-07",2,4,4,NA,2.03,1.23,0.02,NA,"dry",NA,605873,4023870,"2019-05-17"
327,"327S","QUCH",31,1,"T","S","LMR","LMR","2019-08-07",5,8,16,NA,2.81,1.23,0.03,NA,NA,NA,605876,4023869,"2019-05-17"
328,"328S","QUCH",32,1,"T","S","LMR","LMR","2019-08-07",0,6,2,NA,13.67,1.23,0.17,NA,NA,NA,605887,4023867,"2019-05-17"
361,"361S","QUPA",1,1,"T","S","SF","LMR","2019-08-06",1,1,3,NA,10.89,1.23,0.13,NA,NA,NA,605999,4023858,"2019-05-17"
362,"362S","QUPA",2,1,"T","S","SF","LMR","2019-08-06",1,1,0,NA,13.17,1.23,0.16,NA,"dry",NA,606000,4023856,"2019-05-17"
363,"363S","QUPA",3,1,"T","S","SF","LMR","2019-08-06",3,0,2,NA,8.85,1.23,0.11,NA,NA,NA,606003,4023862,"2019-05-17"
364,"364S","QUPA",4,1,"T","S","SF","LMR","2019-08-06",1,3,1,NA,24.3,1.23,0.3,NA,NA,NA,605995,4023863,"2019-05-17"
365,"365S","QUPA",5,1,"T","S","SF","LMR","2019-08-06",4,1,0,NA,19.42,1.23,0.24,NA,NA,NA,605987,4023860,"2019-05-17"
366,"366S","QUPA",6,1,"T","S","SF","LMR","2019-08-06",0,2,0,NA,22.14,1.23,0.27,NA,NA,NA,605987,4023860,"2019-05-17"
367,"367S","QUPA",7,1,"T","S","SF","LMR","2019-08-06",4,3,4,NA,15.55,1.23,0.19,NA,NA,NA,605988,4023865,"2019-05-17"
368,"368S","QUPA",8,1,"T","S","SF","LMR","2019-08-06",0,1,0,NA,13.2,1.23,0.16,NA,NA,NA,605981,4023872,"2019-05-17"
369,"369S","QUPA",9,1,"T","S","SF","LMR","2019-08-06",0,0,1,NA,22.66,1.23,0.28,NA,"dry",NA,605992,4023863,"2019-05-17"
370,"370S","QUPA",10,1,"T","S","SF","LMR","2019-08-06",0,0,2,NA,37.13,1.23,0.46,NA,NA,NA,605987,4023873,"2019-05-17"
371,"371S","QUPA",11,1,"T","S","SF","LMR","2019-08-06",2,0,0,NA,13.93,1.23,0.17,NA,NA,NA,605987,4023873,"2019-05-17"
372,"372S","QUPA",12,1,"T","S","SF","LMR","2019-08-06",0,1,0,NA,13.64,1.23,0.17,NA,NA,NA,605983,4023874,"2019-05-17"
373,"373S","QUPA",13,1,"T","S","SF","LMR","2019-08-06",5,4,5,NA,15.19,1.23,0.19,NA,NA,NA,606000,4023873,"2019-05-17"
374,"374S","QUPA",14,1,"T","S","SF","LMR","2019-08-06",3,7,2,NA,22.48,1.23,0.28,NA,NA,NA,606000,4023873,"2019-05-17"
375,"375S","QUPA",15,1,"T","S","SF","LMR","2019-08-06",0,0,3,NA,12.36,1.23,0.15,NA,NA,NA,605998,4023866,"2019-05-17"
376,"376S","QUPA",16,1,"T","S","SF","LMR","2019-08-06",3,2,8,NA,11.86,1.23,0.15,NA,NA,NA,605998,4023866,"2019-05-17"
377,"377S","QUPA",17,1,"T","S","SF","LMR","2019-08-06",1,3,0,NA,10.58,1.23,0.13,NA,NA,NA,606006,4023883,"2019-05-17"
378,"378S","QUPA",18,1,"T","S","SF","LMR","2019-08-06",2,0,3,NA,12.57,1.23,0.15,NA,NA,NA,606002,4023890,"2019-05-17"
379,"379S","QUPA",19,1,"T","S","SF","LMR","2019-08-06",0,1,2,NA,18.52,1.23,0.23,NA,NA,NA,606010,4023885,"2019-05-17"
380,"380S","QUPA",20,1,"T","S","SF","LMR","2019-08-06",0,2,0,NA,10.42,1.23,0.13,NA,NA,NA,606003,4023874,"2019-05-17"
381,"381S","QUPA",21,1,"T","S","SF","LMR","2019-08-06",2,3,4,NA,7.33,1.23,0.09,NA,NA,NA,606008,4023892,"2019-05-17"
382,"382S","QUPA",22,1,"T","S","SF","LMR","2019-08-06",1,0,1,NA,100,1.23,1.23,NA,NA,NA,606007,4023889,"2019-05-17"
383,"383S","QUPA",23,1,"T","S","SF","LMR","2019-08-06",1,3,1,NA,12.64,1.23,0.16,NA,NA,NA,606007,4023889,"2019-05-17"
384,"384S","QUPA",24,1,"T","S","SF","LMR","2019-08-06",0,1,0,NA,10.16,1.23,0.12,NA,NA,NA,606005,4023889,"2019-05-17"
385,"385S","QUPA",25,1,"T","S","SF","LMR","2019-08-06",1,0,4,NA,53.05,1.23,0.65,NA,NA,NA,606005,4023889,"2019-05-17"
386,"386S","QUPA",26,1,"T","S","SF","LMR","2019-08-06",2,0,1,NA,2.53,1.23,0.03,NA,NA,NA,606013,4023884,"2019-05-17"
387,"387S","QUPA",27,1,"T","S","SF","LMR","2019-08-06",2,2,3,NA,74.92,1.23,0.92,NA,NA,NA,606013,4023884,"2019-05-17"
388,"388S","QUPA",28,1,"T","S","SF","LMR","2019-08-06",7,11,15,NA,19.29,1.23,0.24,NA,NA,NA,606020,4023882,"2019-05-17"
389,"389S","QUPA",29,1,"T","S","SF","LMR","2019-08-06",1,1,0,NA,15.24,1.23,0.19,NA,NA,NA,606015,4023874,"2019-05-17"
390,"390S","QUPA",30,1,"T","S","SF","LMR","2019-08-06",1,0,0,NA,16.18,1.23,0.2,NA,NA,NA,606015,4023874,"2019-05-17"
391,"391S","QUPA",31,1,"T","S","SF","LMR","2019-08-06",2,3,1,NA,24.1,1.23,0.3,NA,NA,NA,606026,4023881,"2019-05-17"
392,"392S","QUPA",32,1,"T","S","SF","LMR","2019-08-06",4,9,8,NA,33.38,1.23,0.41,NA,NA,NA,606026,4023881,"2019-05-17"
425,"425S","TODI",1,1,"T","S","SF","LMR","2019-08-05",2,2,1,NA,49.37,1.23,0.61,NA,NA,NA,606293,4023964,"2019-05-17"
426,"426S","TODI",2,1,"T","S","SF","LMR","2019-08-05",4,9,4,NA,64.76,1.23,0.79,NA,NA,NA,606291,4023961,"2019-05-17"
427,"427S","TODI",3,1,"T","S","SF","LMR","2019-08-05",2,2,1,NA,6.68,1.23,0.08,NA,NA,NA,606297,4023959,"2019-05-17"
428,"428S","TODI",4,1,"T","S","SF","LMR","2019-08-05",2,1,0,NA,0.52,1.23,0.01,NA,NA,NA,606304,4023950,"2019-05-17"
429,"429S","TODI",5,1,"T","S","SF","LMR","2019-08-05",1,1,0,NA,21.98,1.23,0.27,NA,NA,NA,606328,4023948,"2019-05-17"
430,"430S","TODI",6,1,"T","S","SF","LMR","2019-08-05",0,0,0,NA,2.12,1.23,0.03,NA,NA,NA,606340,4023917,"2019-05-17"
431,"431S","TODI",7,1,"T","S","SF","LMR","2019-08-05",8,11,18,NA,30.57,1.23,0.38,NA,NA,NA,606331,4023888,"2019-05-17"
432,"432S","TODI",8,1,"T","S","SF","LMR","2019-08-05",3,2,1,NA,3.96,1.23,0.05,NA,NA,NA,606320,4023916,"2019-05-17"
433,"433S","TODI",9,1,"T","S","SF","LMR","2019-08-05",0,0,0,NA,0.72,1.23,0.01,NA,NA,NA,606320,4023916,"2019-05-17"
434,"434S","TODI",10,1,"T","S","SF","LMR","2019-08-05",1,0,0,NA,1.46,1.23,0.02,NA,NA,NA,606320,4023916,"2019-05-17"
435,"435S","TODI",11,1,"T","S","SF","LMR","2019-08-05",8,12,22,NA,65.25,1.23,0.8,NA,NA,NA,606318,4023918,"2019-05-17"
436,"436S","TODI",12,1,"T","S","SF","LMR","2019-08-05",3,3,1,NA,32.09,1.23,0.39,NA,NA,NA,606313,4023917,"2019-05-17"
437,"437S","TODI",13,1,"T","S","SF","LMR","2019-08-05",4,3,3,NA,40.12,1.23,0.49,NA,NA,NA,606313,4023917,"2019-05-17"
438,"438S","TODI",14,1,"T","S","SF","LMR","2019-08-06",0,1,0,NA,48.6,1.23,0.6,NA,NA,NA,606311,4023917,"2019-05-17"
439,"439S","TODI",15,1,"T","S","SF","LMR","2019-08-06",0,0,0,NA,5.27,1.23,0.06,NA,NA,NA,606309,4023919,"2019-05-17"
440,"440S","TODI",16,1,"T","S","SF","LMR","2019-08-06",0,0,0,NA,25.79,1.23,0.32,NA,NA,NA,606302,4023921,"2019-05-17"
441,"441S","TODI",17,1,"T","S","SF","LMR","2019-08-06",0,0,0,NA,63.57,1.23,0.78,NA,NA,NA,606302,4023921,"2019-05-17"
442,"442S","TODI",18,1,"T","S","SF","LMR","2019-08-06",0,0,1,NA,46.58,1.23,0.57,NA,NA,NA,606302,4023921,"2019-05-17"
443,"443S","TODI",19,1,"T","S","SF","LMR","2019-08-06",5,1,8,NA,99.82,1.23,1.23,NA,NA,NA,606302,4023921,"2019-05-17"
444,"444S","TODI",20,1,"T","S","SF","LMR","2019-08-06",2,0,1,NA,1.88,1.23,0.02,NA,NA,NA,606300,4023921,"2019-05-17"
445,"445S","TODI",21,1,"T","S","SF","LMR","2019-08-06",0,0,2,NA,0.66,1.23,0.01,NA,NA,NA,606300,4023921,"2019-05-17"
446,"446S","TODI",22,1,"T","S","SF","LMR","2019-08-06",2,2,1,NA,18.51,1.23,0.23,NA,NA,NA,606291,4023919,"2019-05-17"
447,"447S","TODI",23,1,"T","S","SF","LMR","2019-08-06",5,6,3,NA,22.73,1.23,0.28,NA,NA,NA,606291,4023927,"2019-05-17"
448,"448S","TODI",24,1,"T","S","SF","LMR","2019-08-06",0,0,2,NA,12.17,1.23,0.15,NA,NA,NA,606290,4023924,"2019-05-17"
449,"449S","TODI",25,1,"T","S","SF","LMR","2019-08-06",2,2,1,NA,5.33,1.23,0.07,NA,NA,NA,606284,4023925,"2019-05-17"
450,"450S","TODI",26,1,"T","S","SF","LMR","2019-08-06",1,2,1,NA,5.29,1.23,0.06,NA,NA,NA,606284,4023925,"2019-05-17"
451,"451S","TODI",27,1,"T","S","SF","LMR","2019-08-06",4,1,1,NA,20.11,1.23,0.25,NA,NA,NA,606283,4023924,"2019-05-17"
452,"452S","TODI",28,1,"T","S","SF","LMR","2019-08-06",2,0,1,NA,4.34,1.23,0.05,NA,NA,NA,606278,4023928,"2019-05-17"
453,"453S","TODI",29,1,"T","S","SF","LMR","2019-08-06",0,0,0,NA,14.94,1.23,0.18,NA,NA,NA,606278,4023928,"2019-05-17"
454,"454S","TODI",30,1,"T","S","SF","LMR","2019-08-06",0,0,0,NA,4.04,1.23,0.05,NA,NA,NA,606278,4023928,"2019-05-17"
455,"455S","TODI",31,1,"T","S","SF","LMR","2019-08-06",2,2,2,NA,26.65,1.23,0.33,NA,NA,NA,606272,4023928,"2019-05-17"
456,"456S","TODI",32,1,"T","S","SF","LMR","2019-08-06",3,2,0,NA,69.09,1.23,0.85,NA,"infected with some other fungus. Omit?",NA,606265,4023931,"2019-05-17"
467,"467S","UMCA",1,1,"T","S","LMR","LMR","2019-05-21",44,51,38,NA,23.49,1.23,0.29,NA,NA,NA,605825,4023840,"2019-05-17"
468,"468S","UMCA",2,1,"T","S","LMR","LMR","2019-08-01",1,1,0,NA,51.43,1.23,0.63,NA,"knobby spores",NA,605802,4023853,"2019-05-17"
469,"469S","UMCA",3,1,"T","S","LMR","LMR","2019-05-21",72,77,46,NA,12.67,1.23,0.16,NA,"spots, low",NA,605816,4023870,"2019-05-17"
470,"470S","UMCA",4,1,"T","S","LMR","LMR",NA,NA,NA,NA,NA,40.4,1.23,0.5,NA,"spots, low, too goopy to count",NA,605805,4023877,"2019-05-17"
471,"471S","UMCA",5,1,"T","S","LMR","LMR","2019-05-21",1,1,4,NA,20.11,1.23,0.25,NA,"control had low # of sporangia",NA,605847,4023886,"2019-05-17"
472,"472S","UMCA",6,1,"T","S","LMR","LMR","2019-05-21",2,1,2,NA,25.36,1.23,0.31,NA,"knobby spores",NA,605835,4023866,"2019-05-17"
473,"473S","UMCA",7,1,"T","S","LMR","LMR","2019-05-21",12,9,15,NA,26.42,1.23,0.32,NA,NA,NA,605862,4023850,"2019-05-17"
474,"474S","UMCA",8,1,"T","S","LMR","LMR","2019-05-21",2,1,4,NA,21.53,1.23,0.26,NA,"spots, med, knobby spores",NA,605870,4023880,"2019-05-17"
475,"475S","UMCA",9,1,"T","S","LMR","LMR","2019-05-21",50,50,72,NA,14.8,1.23,0.18,NA,"spots, med",NA,605992,4023939,"2019-05-17"
476,"476S","UMCA",10,1,"T","S","LMR","LMR","2019-05-21",24,17,31,NA,29.05,1.23,0.36,NA,NA,NA,605987,4023941,"2019-05-17"
477,"477S","UMCA",11,1,"T","S","LMR","LMR","2019-05-21",12,23,13,NA,12.67,1.23,0.16,NA,NA,NA,605988,4023938,"2019-05-17"
478,"478S","UMCA",12,1,"T","S","LMR","LMR","2019-08-01",35,47,43,NA,32.53,1.23,0.4,NA,NA,NA,605997,4023916,"2019-05-17"
479,"479S","UMCA",13,1,"T","S","LMR","LMR","2019-08-01",1,6,9,NA,16.21,1.23,0.2,NA,"knobby spores",NA,606256,4023936,"2019-05-17"
480,"480S","UMCA",14,1,"T","S","LMR","LMR","2019-08-01",62,75,52,NA,19.79,1.23,0.24,NA,"spots, low",NA,606164,4023902,"2019-05-17"
481,"481S","UMCA",15,1,"T","S","LMR","LMR","2019-08-01",43,65,51,NA,43.01,1.23,0.53,NA,NA,NA,606281,4023926,"2019-05-17"
482,"482S","UMCA",16,1,"T","S","LMR","LMR","2019-08-01",9,15,20,NA,31.16,1.23,0.38,NA,"spots, med",NA,606281,4023926,"2019-05-17"
483,"483S","UMCA",17,1,"T","S","LMR","LMR","2019-05-21",13,6,4,NA,34.17,1.23,0.42,NA,NA,NA,606289,4023917,"2019-05-17"
484,"484S","UMCA",18,1,"T","S","LMR","LMR","2019-08-01",2,0,1,NA,28.3,1.23,0.35,NA,"dry",NA,606307,4023927,"2019-05-17"
485,"485S","UMCA",19,1,"T","S","LMR","LMR","2019-08-01",7,3,7,NA,26.98,1.23,0.33,NA,"dry",NA,606300,4023925,"2019-05-17"
486,"486S","UMCA",20,1,"T","S","LMR","LMR","2019-08-01",34,31,33,NA,25.76,1.23,0.32,NA,"dry",NA,606300,4023929,"2019-05-17"
487,"487S","UMCA",21,1,"T","S","LMR","LMR","2019-08-01",4,6,10,NA,16.05,1.23,0.2,NA,NA,NA,606301,4023923,"2019-05-17"
488,"488S","UMCA",22,1,"T","S","LMR","LMR","2019-08-01",0,0,1,NA,5.04,1.23,0.06,NA,NA,NA,606307,4023928,"2019-05-17"
489,"489S","UMCA",23,1,"T","S","LMR","LMR","2019-08-01",20,21,14,NA,17.44,1.23,0.21,NA,NA,NA,606321,4023912,"2019-05-17"
490,"490S","UMCA",24,1,"T","S","LMR","LMR","2019-08-01",81,86,82,NA,10.77,1.23,0.13,NA,NA,NA,606311,4023906,"2019-05-17"
491,"491S","UMCA",25,1,"T","S","LMR","LMR","2019-05-21",0,0,1,NA,5.92,1.23,0.07,NA,NA,NA,606331,4023895,"2019-05-17"
492,"492S","UMCA",26,1,"T","S","LMR","LMR",NA,NA,NA,NA,NA,28.43,1.23,0.35,NA,"dry, too goopy to count sporangia",NA,606344,4023883,"2019-05-17"
493,"493S","UMCA",27,1,"T","S","LMR","LMR","2019-05-21",22,21,12,NA,24.68,1.23,0.3,NA,"dry",NA,606341,4023896,"2019-05-17"
494,"494S","UMCA",28,1,"T","S","LMR","LMR","2019-05-21",6,13,5,NA,21.15,1.23,0.26,NA,NA,NA,606338,4023925,"2019-05-17"
495,"495S","UMCA",29,1,"T","S","LMR","LMR","2019-05-21",15,15,7,NA,51.27,1.23,0.63,NA,"spots, low",NA,606336,4023938,"2019-05-17"
496,"496S","UMCA",30,1,"T","S","LMR","LMR","2019-05-21",14,13,16,NA,15.3,1.23,0.19,NA,"couple leaf spots",NA,606328,4023940,"2019-05-17"
497,"497S","UMCA",31,1,"T","S","LMR","LMR","2019-05-21",0,2,0,NA,6.52,1.23,0.08,1,NA,NA,606301,4023955,"2019-05-17"
498,"498S","UMCA",32,1,"T","S","LMR","LMR","2019-05-21",8,14,14,NA,4.29,1.23,0.05,NA,"spots, med",NA,606286,4023962,"2019-05-17"
697,NA,"CONTROL",1,NA,"T","S",NA,NA,NA,0,0,0,NA,NA,1.23,NA,NA,NA,NA,NA,NA,NA
698,NA,"CONTROL",2,NA,"T","S",NA,NA,NA,0,0,0,NA,NA,1.23,NA,NA,NA,NA,NA,NA,NA
699,NA,"CONTROL",3,NA,"T","S",NA,NA,NA,0,0,0,NA,NA,1.23,NA,NA,NA,NA,NA,NA,NA
700,NA,"CONTROL",4,NA,"T","S",NA,NA,NA,0,0,0,NA,NA,1.23,NA,NA,NA,NA,NA,NA,NA
701,NA,"CONTROL",5,NA,"T","S",NA,NA,NA,0,0,0,NA,NA,1.23,NA,NA,NA,NA,NA,NA,NA
702,NA,"CONTROL",6,NA,"T","S",NA,NA,NA,0,1,0,NA,NA,1.23,NA,NA,NA,NA,NA,NA,NA
703,NA,"CONTROL",7,NA,"T","S",NA,NA,NA,0,0,0,NA,NA,1.23,NA,NA,NA,NA,NA,NA,NA
704,NA,"CONTROL",8,NA,"T","S",NA,NA,NA,0,0,0,NA,NA,1.23,NA,NA,NA,NA,NA,NA,NA
